Time,Sx,Sy,Sz,Hx,Hy,Hz
0.0,0.0,0.0,1.0,6.283185307179586,0.0,0.0
0.03003003003003003,0.0,-0.18756665337583706,0.9822518773417476,6.283185307179586,0.0,0.0
0.06006006006006006,0.0,-0.3684753948102498,0.929637501082776,6.283185307179586,0.0,0.0
0.09009009009009009,0.0,-0.5363046432373821,0.8440244840299487,6.283185307179586,0.0,0.0
0.12012012012012012,0.0,-0.6850970904837804,0.7284517668388588,6.283185307179586,0.0,0.0
0.15015015015015015,0.0,-0.809571163340743,0.587021747030816,6.283185307179586,0.0,0.0
0.18018018018018017,0.0,-0.9053084995825952,0.4247546592840452,6.283185307179586,0.0,0.0
0.21021021021021022,0.0,-0.968910783236147,0.24741037595199983,6.283185307179586,0.0,0.0
0.24024024024024024,0.0,-0.998120372038143,0.06128395322131397,6.283185307179586,0.0,0.0
0.2702702702702703,0.0,-0.9919004352588731,-0.12701781974688053,6.283185307179586,0.0,0.0
0.3003003003003003,0.0,-0.9504717573001068,-0.31081093702577245,6.283185307179586,0.0,0.0
0.3303303303303303,0.0,-0.8753049006778074,-0.48357143303694466,6.283185307179586,0.0,0.0
0.36036036036036034,0.0,-0.769068006574311,-0.6391669588329838,6.283185307179586,0.0,0.0
0.39039039039039036,0.0,-0.6355320858443785,-0.7720744574600835,6.283185307179586,0.0,0.0
0.42042042042042044,0.0,-0.4794371622888041,-0.8775762117425735,6.283185307179586,0.0,0.0
0.45045045045045046,0.0,-0.30632401960677863,-0.9519273055291206,6.283185307179586,0.0,0.0
0.4804804804804805,0.0,-0.12233752437845377,-0.9924885541551278,6.283185307179586,0.0,0.0
0.5105105105105106,0.0,0.06599149362662263,-0.9978201855890223,6.283185307179586,0.0,0.0
0.5405405405405406,0.0,0.2519780613851253,-0.9677329469334894,6.283185307179586,0.0,0.0
0.5705705705705706,0.0,0.4290203540623244,-0.9032948221927428,6.283185307179586,0.0,0.0
0.6006006006006006,0.0,0.5908340350059537,-0.8067931228503151,6.283185307179586,0.0,0.0
0.6306306306306306,0.0,0.731675326101672,-0.6816532968995246,6.283185307179586,0.0,0.0
0.6606606606606606,0.0,0.8465448903300525,-0.5323173383011854,6.283185307179586,0.0,0.0
0.6906906906906907,0.0,0.9313652894598443,-0.364086112876279,6.283185307179586,0.0,0.0
0.7207207207207207,0.0,0.9831257177956932,-0.18293119747238407,6.283185307179586,0.0,0.0
0.7507507507507507,0.0,0.9999888744757023,0.004717088593032381,6.283185307179586,0.0,0.0
0.7807807807807807,0.0,0.9813561807535476,0.19219793572457078,6.283185307179586,0.0,0.0
0.8108108108108109,0.0,0.9278890272964972,0.3728564777803047,6.283185307179586,0.0,0.0
0.8408408408408409,0.0,0.8414852973000386,0.5402800148329003,6.283185307179586,0.0,0.0
0.8708708708708709,0.0,0.7252119987603868,0.6885256399393831,6.283185307179586,0.0,0.0
0.9009009009009009,0.0,0.5831963972062645,0.8123311900238745,6.283185307179586,0.0,0.0
0.9309309309309309,0.0,0.42047951326920774,0.907302032909031,6.283185307179586,0.0,0.0
0.960960960960961,0.0,0.24283718537858304,0.9700670602578858,6.283185307179586,0.0,0.0
0.990990990990991,0.0,0.056575049183791214,0.9983983492623671,6.283185307179586,0.0,0.0
1.021021021021021,0.0,-0.13169528883562232,0.9912902455378391,6.283185307179586,0.0,0.0
1.0510510510510511,0.0,-0.31529093857549795,0.9489950600778422,6.283185307179586,0.0,0.0
1.0810810810810811,0.0,-0.4876949438136269,0.8730141131611721,6.283185307179586,0.0,0.0
1.1111111111111112,0.0,-0.6427876096865288,0.7660444431189632,6.283185307179586,0.0,0.0
1.1411411411411412,0.0,-0.7750637288795879,0.6318830716004588,6.283185307179586,0.0,0.0
1.1711711711711712,0.0,-0.8798279958164128,0.47529222356107875,6.283185307179586,0.0,0.0
1.2012012012012012,0.0,-0.9533616723774103,0.3018302861571483,6.283185307179586,0.0,0.0
1.2312312312312312,0.0,-0.9930545891403469,0.11765450687183349,6.283185307179586,0.0,0.0
1.2612612612612613,0.0,-0.9974977965944779,-0.07069756565199597,6.283185307179586,0.0,0.0
1.2912912912912913,0.0,-0.966533577558019,-0.2565401400421621,6.283185307179586,0.0,0.0
1.3213213213213213,0.0,-0.9012610455459229,-0.43327650268786166,6.283185307179586,0.0,0.0
1.3513513513513513,0.0,-0.80399713036692,-0.5946331763042756,6.283185307179586,0.0,0.0
1.3813813813813813,0.0,-0.6781943358146478,-0.7348826048212607,6.283185307179586,0.0,0.0
1.4114114114114114,0.0,-0.5283181887460356,-0.8490464601186789,6.283185307179586,0.0,0.0
1.4414414414414414,0.0,-0.35968872964452375,-0.933072353982615,6.283185307179586,0.0,0.0
1.4714714714714714,0.0,-0.1782916711579684,-0.9839776826715368,6.283185307179586,0.0,0.0
1.5015015015015014,0.0,0.009434072225899391,-0.9999554981503851,6.283185307179586,0.0,0.0
1.5315315315315314,0.0,0.19682494146770277,-0.9804386479613,6.283185307179586,0.0,0.0
1.5615615615615615,0.0,0.3772292643027619,-0.9261199070064,6.283185307179586,0.0,0.0
1.5915915915915915,0.0,0.5442433646315658,-0.8389273866399031,6.283185307179586,0.0,0.0
1.6216216216216217,0.0,0.6919388689775291,-0.721956093954502,6.283185307179586,0.0,0.0
1.6516516516516517,0.0,0.8150731414862407,-0.5793580706503483,6.283185307179586,0.0,0.0
1.6816816816816818,0.0,0.9092753778138634,-0.4161950111442935,6.283185307179586,0.0,0.0
1.7117117117117118,0.0,0.9712017522703483,-0.23825859142315609,6.283185307179586,0.0,0.0
1.7417417417417418,0.0,0.9986541110764271,-0.0518648862920974,6.283185307179586,0.0,0.0
1.7717717717717718,0.0,0.990657998569402,0.13636982756609772,6.283185307179586,0.0,0.0
1.8018018018018018,0.0,0.9474972467204005,0.3197639245712369,6.283185307179586,0.0,0.0
1.8318318318318318,0.0,0.8707039001650998,0.49180760286642766,6.283185307179586,0.0,0.0
1.8618618618618619,0.0,0.7630038343715024,0.6463939578417499,6.283185307179586,0.0,0.0
1.8918918918918919,0.0,0.6282199972956213,0.7780357543184154,6.283185307179586,0.0,0.0
1.921921921921922,0.0,0.4711367090830017,0.8820602027947834,6.283185307179586,0.0,0.0
1.951951951951952,0.0,0.29732983666716145,0.9547748259288226,6.283185307179586,0.0,0.0
1.981981981981982,0.0,0.11296887142906811,0.9935985276196699,6.283185307179586,0.0,0.0
2.012012012012012,0.0,-0.07540206458240133,0.9971532122280123,6.283185307179586,0.0,0.0
2.042042042042042,0.0,-0.26109651041208143,0.9653127017969694,6.283185307179586,0.0,0.0
2.0720720720720722,0.0,-0.4375230104568912,0.8992072148958041,6.283185307179586,0.0,0.0
2.1021021021021022,0.0,-0.5984190863909081,0.8011832481043273,6.283185307179586,0.0,0.0
2.1321321321321323,0.0,-0.7380735316323145,0.674720284194666,6.283185307179586,0.0,0.0
2.1621621621621623,0.0,-0.8515291377332819,0.5243072835572096,6.283185307179586,0.0,0.0
2.1921921921921923,0.0,-0.9347586566671178,0.35528334296137726,6.283185307179586,0.0,0.0
2.2222222222222223,0.0,-0.9848077530121717,0.17364817766692014,6.283185307179586,0.0,0.0
2.2522522522522523,0.0,-0.9998998717667112,-0.014150845940765377,6.283185307179586,0.0,0.0
2.2822822822822824,0.0,-0.9794992993810783,-0.20144756764950156,6.283185307179586,0.0,0.0
2.3123123123123124,0.0,-0.924330179577271,-0.38159365707853754,6.283185307179586,0.0,0.0
2.3423423423423424,0.0,-0.8363508089657411,-0.5481946044446919,6.283185307179586,0.0,0.0
2.3723723723723724,0.0,-0.7186841248685069,-0.6953367016502932,6.283185307179586,0.0,0.0
2.4024024024024024,0.0,-0.5755068527698637,-0.8177969567165471,6.283185307179586,0.0,0.0
2.4324324324324325,0.0,-0.4119012482439727,-0.9112284903881002,6.283185307179586,0.0,0.0
2.4624624624624625,0.0,-0.23367469596423937,-0.9723148340254497,6.283185307179586,0.0,0.0
2.4924924924924925,0.0,-0.04715356935230036,-0.9988876517893561,6.283185307179586,0.0,0.0
2.5225225225225225,0.0,0.14104133192491639,-0.9900037084217214,6.283185307179586,0.0,0.0
2.5525525525525525,0.0,0.3242297954843597,-0.9459783505557009,6.283185307179586,0.0,0.0
2.5825825825825826,0.0,0.4959093186843702,-0.868374313094254,6.283185307179586,0.0,0.0
2.6126126126126126,0.0,0.6499859230536198,-0.7599462479886628,6.283185307179586,0.0,0.0
2.6426426426426426,0.0,0.780990467645884,-0.62454294443711,6.283185307179586,0.0,0.0
2.6726726726726726,0.0,0.8842727830087388,-0.46697071131912604,6.283185307179586,0.0,0.0
2.7027027027027026,0.0,0.956166734739208,-0.29282277127653666,6.283185307179586,0.0,0.0
2.7327327327327327,0.0,0.9941203574898938,-0.10828072231045666,6.283185307179586,0.0,0.0
2.7627627627627627,0.0,0.9967864401569883,0.0801048857378035,6.283185307179586,0.0,0.0
2.7927927927927927,0.0,0.9640703468161059,0.2656470711108639,6.283185307179586,0.0,0.0
2.8228228228228227,0.0,0.8971333759422722,0.44175978288016216,6.283185307179586,0.0,0.0
2.8528528528528527,0.0,0.7983515386743683,0.6021916810253807,6.283185307179586,0.0,0.0
2.8828828828828827,0.0,0.6712312193408712,0.7412480355333643,6.283185307179586,0.0,0.0
2.9129129129129128,0.0,0.5202847119815546,0.8539928679316792,6.283185307179586,0.0,0.0
2.942942942942943,0.0,0.3508700508513141,0.9364241599913463,6.283185307179586,0.0,0.0
2.972972972972973,0.0,0.1690008203218417,0.9856159103476595,6.283185307179586,0.0,0.0
3.003003003003003,0.0,-0.018867304784465067,0.9998219965624232,6.283185307179586,0.0,0.0
3.033033033033033,0.0,-0.20606571141168117,0.9785381559143705,6.283185307179586,0.0,0.0
3.063063063063063,0.0,-0.3859495589953082,0.9225198848324221,6.283185307179586,0.0,0.0
3.093093093093093,0.0,-0.5521336463530411,0.8337556216091091,6.283185307179586,0.0,0.0
3.123123123123123,0.0,-0.6987190623523306,0.7153961643071454,6.283185307179586,0.0,0.0
3.153153153153153,0.0,-0.8205025751070443,0.5716428292584491,6.283185307179586,0.0,0.0
3.183183183183183,0.0,-0.913161327172935,0.407598320108975,6.283185307179586,0.0,0.0
3.2132132132132134,0.0,-0.9734062807559516,0.22908560099831482,6.283185307179586,0.0,0.0
3.2432432432432434,0.0,-0.9990989662046279,0.04244120319614292,6.283185307179586,0.0,0.0
3.2732732732732734,0.0,-0.989327389653439,-0.14570969796620675,6.283185307179586,0.0,0.0
3.3033033033033035,0.0,-0.9444384053807758,-0.3286884519445539,6.283185307179586,0.0,0.0
3.3333333333333335,0.0,-0.866025403784389,-0.4999999999999754,6.283185307179586,0.0,0.0
3.3633633633633635,0.0,-0.7568717520049468,-0.6535634253971456,6.283185307179586,0.0,0.0
3.3933933933933935,0.0,-0.6208519948432055,-0.7839278031165239,6.283185307179586,0.0,0.0
3.4234234234234235,0.0,-0.4627943229672695,-0.8864656872260496,6.283185307179586,0.0,0.0
3.4534534534534536,0.0,-0.28830919027220214,-0.9575373678371366,6.283185307179586,0.0,0.0
3.4834834834834836,0.0,-0.10359016383223027,-0.9946200671397569,6.283185307179586,0.0,0.0
3.5135135135135136,0.0,0.08480592447550699,-0.9963974885424676,6.283185307179586,0.0,0.0
3.5435435435435436,0.0,0.2701917208837686,-0.9628065402591264,6.283185307179586,0.0,0.0
3.5735735735735736,0.0,0.4459867256850515,-0.895039574830413,6.283185307179586,0.0,0.0
3.6036036036036037,0.0,0.6059508762635132,-0.7955020650855403,6.283185307179586,0.0,0.0
3.6336336336336337,0.0,0.7444060458883748,-0.6677272188886064,6.283185307179586,0.0,0.0
3.6636636636636637,0.0,0.8564375958932943,-0.5162505635254957,6.283185307179586,0.0,0.0
3.6936936936936937,0.0,0.9380688268961086,-0.34644895151470095,6.283185307179586,0.0,0.0
3.7237237237237237,0.0,0.9864021366956536,-0.16434970253129516,6.283185307179586,0.0,0.0
3.7537537537537538,0.0,0.9997218742703263,0.02358334381085586,6.283185307179586,0.0,0.0
3.7837837837837838,0.0,0.977555238947625,0.21067926999571313,6.283185307179586,0.0,0.0
3.813813813813814,0.0,0.9206890630528052,0.3902968731297006,6.283185307179586,0.0,0.0
3.843843843843844,0.0,0.8311418823156408,0.5560604027088122,6.283185307179586,0.0,0.0
3.873873873873874,0.0,0.7120922854309802,0.7020858758225772,6.283185307179586,0.0,0.0
3.903903903903904,0.0,0.5677660860946717,0.8231899364548918,6.283185307179586,0.0,0.0
3.933933933933934,0.0,0.4032863224839556,0.9150738451607261,6.283185307179586,0.0,0.0
3.963963963963964,0.0,0.22449140863755848,0.9744760681760191,6.283185307179586,0.0,0.0
3.993993993993994,0.0,0.03772789267871531,0.999288049620274,6.283185307179586,0.0,0.0
4.024024024024024,0.0,-0.1503748218139288,0.9886290573133564,6.283185307179586,0.0,0.0
4.054054054054054,0.0,-0.33313979474203737,0.94287744546102,6.283185307179586,0.0,0.0
4.084084084084084,0.0,-0.5040795557912928,0.863657224501201,6.283185307179586,0.0,0.0
4.114114114114114,0.0,-0.6571263852691461,0.7537804148311165,6.283185307179586,0.0,0.0
4.1441441441441444,0.0,-0.7868476953715381,0.6171472306414104,6.283185307179586,0.0,0.0
4.1741741741741745,0.0,-0.8886388666522957,0.4586076369564559,6.283185307179586,0.0,0.0
4.2042042042042045,0.0,-0.9588866947245842,0.2837891940860732,6.283185307179586,0.0,0.0
4.2342342342342345,0.0,-0.9950976454501966,0.09889730036423855,6.283185307179586,0.0,0.0
4.2642642642642645,0.0,-0.9959863660390339,-0.08950507619246484,6.283185307179586,0.0,0.0
4.2942942942942945,0.0,-0.9615213102470559,-0.2747303586075677,6.283185307179586,0.0,0.0
4.324324324324325,0.0,-0.8929258581495026,-0.45020374481764547,6.283185307179586,0.0,0.0
4.354354354354355,0.0,-0.7926348907416249,-0.6096965884592671,6.283185307179586,0.0,0.0
4.384384384384385,0.0,-0.6642083608055626,-0.7475474924283031,6.283185307179586,0.0,0.0
4.414414414414415,0.0,-0.5122049279530729,-0.8588632672203665,6.283185307179586,0.0,0.0
4.444444444444445,0.0,-0.34202014332563907,-0.9396926207858416,6.283185307179586,0.0,0.0
4.474474474474475,0.0,-0.1596949277875328,-0.9871664145617941,6.283185307179586,0.0,0.0
4.504504504504505,0.0,0.028298858083120805,-0.9995995071182475,6.283185307179586,0.0,0.0
4.534534534534535,0.0,0.21528814074507877,-0.9765505703517753,6.283185307179586,0.0,0.0
4.564564564564565,0.0,0.3946355027494151,-0.9188377549761249,6.283185307179586,0.0,0.0
4.594594594594595,0.0,0.5599747861375561,-0.8285096492437768,6.283185307179586,0.0,0.0
4.624624624624625,0.0,0.7054370671459019,-0.7087725617547815,6.283185307179586,0.0,0.0
4.654654654654655,0.0,0.8258589809634819,-0.5638767095401318,6.283185307179586,0.0,0.0
4.684684684684685,0.0,0.9169660017959439,-0.3989653513153825,6.283185307179586,0.0,0.0
4.714714714714715,0.0,0.9755241724817635,-0.21989222110755763,6.283185307179586,0.0,0.0
4.744744744744745,0.0,0.999454897828991,-0.03301374267610807,6.283185307179586,0.0,0.0
4.774774774774775,0.0,0.9879087269400996,0.15503659966418798,6.283185307179586,0.0,0.0
4.804804804804805,0.0,0.9412955055294279,0.3375837248297677,6.283185307179586,0.0,0.0
4.834834834834835,0.0,0.861269827939161,0.5081478952839305,6.283185307179586,0.0,0.0
4.864864864864865,0.0,0.7506723052526627,0.6606747233900295,6.283185307179586,0.0,0.0
4.894894894894895,0.0,0.6134287342666107,0.789750079440263,6.283185307179586,0.0,0.0
4.924924924924925,0.0,0.454410746444839,0.8907922729319562,6.283185307179586,0.0,0.0
4.954954954954955,0.0,0.27926288329280574,0.9602146853776109,6.283185307179586,0.0,0.0
4.984984984984985,0.0,0.09420223632761714,0.9955530817945926,6.283185307179586,0.0,0.0
5.015015015015015,0.0,-0.09420223632761969,0.9955530817945918,6.283185307179586,0.0,0.0
5.045045045045045,0.0,-0.279262883292808,0.9602146853776087,6.283185307179586,0.0,0.0
5.075075075075075,0.0,-0.45441074644484053,0.8907922729319525,6.283185307179586,0.0,0.0
5.105105105105105,0.0,-0.6134287342666112,0.789750079440258,6.283185307179586,0.0,0.0
5.135135135135135,0.0,-0.7506723052526615,0.6606747233900234,6.283185307179586,0.0,0.0
5.165165165165165,0.0,-0.861269827939158,0.5081478952839236,6.283185307179586,0.0,0.0
5.195195195195195,0.0,-0.9412955055294229,0.33758372482976057,6.283185307179586,0.0,0.0
5.225225225225225,0.0,-0.9879087269400926,0.15503659966418143,6.283185307179586,0.0,0.0
5.255255255255255,0.0,-0.9994548978289818,-0.03301374267611368,6.283185307179586,0.0,0.0
5.285285285285285,0.0,-0.9755241724817518,-0.21989222110756107,6.283185307179586,0.0,0.0
5.315315315315315,0.0,-0.9169660017959308,-0.3989653513153839,6.283185307179586,0.0,0.0
5.345345345345345,0.0,-0.8258589809634675,-0.5638767095401304,6.283185307179586,0.0,0.0
5.375375375375375,0.0,-0.7054370671458876,-0.7087725617547771,6.283185307179586,0.0,0.0
5.405405405405405,0.0,-0.5599747861375421,-0.8285096492437692,6.283185307179586,0.0,0.0
5.435435435435435,0.0,-0.39463550274940223,-0.918837754976114,6.283185307179586,0.0,0.0
5.465465465465465,0.0,-0.2152881407450679,-0.976550570351761,6.283185307179586,0.0,0.0
5.495495495495495,0.0,-0.028298858083112777,-0.9995995071182304,6.283185307179586,0.0,0.0
5.525525525525525,0.0,0.15969492778753724,-0.9871664145617746,6.283185307179586,0.0,0.0
5.555555555555555,0.0,0.34202014332563924,-0.9396926207858207,6.283185307179586,0.0,0.0
5.585585585585585,0.0,0.5122049279530683,-0.858863267220345,6.283185307179586,0.0,0.0
5.615615615615615,0.0,0.6642083608055533,-0.7475474924282823,6.283185307179586,0.0,0.0
5.645645645645645,0.0,0.7926348907416116,-0.6096965884592482,6.283185307179586,0.0,0.0
5.675675675675675,0.0,0.8929258581494849,-0.45020374481762937,6.283185307179586,0.0,0.0
5.7057057057057055,0.0,0.961521310247034,-0.27473035860755557,6.283185307179586,0.0,0.0
5.7357357357357355,0.0,0.9959863660390091,-0.08950507619245729,6.283185307179586,0.0,0.0
5.7657657657657655,0.0,0.9950976454501703,0.09889730036424094,6.283185307179586,0.0,0.0
5.7957957957957955,0.0,0.9588866947245572,0.2837891940860699,6.283185307179586,0.0,0.0
5.8258258258258255,0.0,0.8886388666522697,0.4586076369564466,6.283185307179586,0.0,0.0
5.8558558558558556,0.0,0.7868476953715133,0.6171472306413949,6.283185307179586,0.0,0.0
5.885885885885886,0.0,0.6571263852691245,0.7537804148310956,6.283185307179586,0.0,0.0
5.915915915915916,0.0,0.5040795557912755,0.8636572245011752,6.283185307179586,0.0,0.0
5.945945945945946,0.0,0.3331397947420251,0.9428774454609905,6.283185307179586,0.0,0.0
5.975975975975976,0.0,0.15037482181392237,0.988629057313324,6.283185307179586,0.0,0.0
6.006006006006006,0.0,-0.037727892678712675,0.9992880496202399,6.283185307179586,0.0,0.0
6.036036036036036,0.0,-0.22449140863754932,0.9744760681759855,6.283185307179586,0.0,0.0
6.066066066066066,0.0,-0.4032863224839399,0.9150738451606941,6.283185307179586,0.0,0.0
6.096096096096096,0.0,-0.5677660860946501,0.8231899364548623,6.283185307179586,0.0,0.0
6.126126126126126,0.0,-0.7120922854309534,0.7020858758225516,6.283185307179586,0.0,0.0
6.156156156156156,0.0,-0.8311418823156093,0.5560604027087905,6.283185307179586,0.0,0.0
6.186186186186186,0.0,-0.9206890630527692,0.3902968731296851,6.283185307179586,0.0,0.0
6.216216216216216,0.0,-0.9775552389475858,0.2106792699957039,6.283185307179586,0.0,0.0
6.246246246246246,0.0,-0.9997218742702854,0.023583343810853308,6.283185307179586,0.0,0.0
6.276276276276276,0.0,-0.9864021366956118,-0.16434970253129066,6.283185307179586,0.0,0.0
6.306306306306306,0.0,-0.9380688268960672,-0.34644895151468913,6.283185307179586,0.0,0.0
6.336336336336336,0.0,-0.856437595893255,-0.5162505635254763,6.283185307179586,0.0,0.0
6.366366366366366,0.0,-0.7444060458883389,-0.6677272188885797,6.283185307179586,0.0,0.0
6.396396396396396,0.0,-0.6059508762634821,-0.795502065085507,6.283185307179586,0.0,0.0
6.426426426426427,0.0,-0.44598672568502157,-0.8950395748303758,6.283185307179586,0.0,0.0
6.456456456456457,0.0,-0.27019172088374593,-0.9628065402590833,6.283185307179586,0.0,0.0
6.486486486486487,0.0,-0.08480592447549266,-0.9963974885424202,6.283185307179586,0.0,0.0
6.516516516516517,0.0,0.1035901638322353,-0.9946200671397066,6.283185307179586,0.0,0.0
6.546546546546547,0.0,0.28830919027219715,-0.9575373678370849,6.283185307179586,0.0,0.0
6.576576576576577,0.0,0.4627943229672543,-0.8864656872259987,6.283185307179586,0.0,0.0
6.606606606606607,0.0,0.6208519948431807,-0.7839278031164758,6.283185307179586,0.0,0.0
6.636636636636637,0.0,0.7568717520049125,-0.653563425397103,6.283185307179586,0.0,0.0
6.666666666666667,0.0,0.8660254037843458,-0.4999999999999401,6.283185307179586,0.0,0.0
6.696696696696697,0.0,0.944438405380726,-0.3286884519445274,6.283185307179586,0.0,0.0
6.726726726726727,0.0,0.9893273896533842,-0.14570969796619015,6.283185307179586,0.0,0.0
6.756756756756757,0.0,0.9990989662045698,0.04244120319614858,6.283185307179586,0.0,0.0
6.786786786786787,0.0,0.9734062807558927,0.22908560099830888,6.283185307179586,0.0,0.0
6.816816816816817,0.0,0.9131613271728788,0.40759832010895447,6.283185307179586,0.0,0.0
6.846846846846847,0.0,0.8205025751069923,0.5716428292584177,6.283185307179586,0.0,0.0
6.876876876876877,0.0,0.6987190623522852,0.7153961643071034,6.283185307179586,0.0,0.0
6.906906906906907,0.0,0.5521336463530037,0.8337556216090586,6.283185307179586,0.0,0.0
6.936936936936937,0.0,0.3859495589952806,0.9225198848323644,6.283185307179586,0.0,0.0
6.966966966966967,0.0,0.2060657114116648,0.9785381559143074,6.283185307179586,0.0,0.0
6.996996996996997,0.0,0.018867304784460952,0.9998219965623573,6.283185307179586,0.0,0.0
7.027027027027027,0.0,-0.1690008203218333,0.9856159103475933,6.283185307179586,0.0,0.0
7.057057057057057,0.0,-0.3508700508512933,0.9364241599912817,6.283185307179586,0.0,0.0
7.087087087087087,0.0,-0.5202847119815215,0.8539928679316188,6.283185307179586,0.0,0.0
7.117117117117117,0.0,-0.6712312193408272,0.74124803553331,6.283185307179586,0.0,0.0
7.147147147147147,0.0,-0.7983515386743146,0.6021916810253345,6.283185307179586,0.0,0.0
7.177177177177177,0.0,-0.8971333759422102,0.44175978288012596,6.283185307179586,0.0,0.0
7.207207207207207,0.0,-0.9640703468160372,0.26564707111083924,6.283185307179586,0.0,0.0
7.237237237237237,0.0,-0.9967864401569154,0.08010488573779151,6.283185307179586,0.0,0.0
7.267267267267267,0.0,-0.9941203574898193,-0.10828072231045505,6.283185307179586,0.0,0.0
7.297297297297297,0.0,-0.9561667347391337,-0.29282277127652123,6.283185307179586,0.0,0.0
7.327327327327327,0.0,-0.8842727830086673,-0.46697071131909723,6.283185307179586,0.0,0.0
7.357357357357357,0.0,-0.780990467645818,-0.624542944437068,6.283185307179586,0.0,0.0
7.387387387387387,0.0,-0.6499859230535622,-0.7599462479886088,6.283185307179586,0.0,0.0
7.4174174174174174,0.0,-0.49590931868432314,-0.8683743130941892,6.283185307179586,0.0,0.0
7.4474474474474475,0.0,-0.3242297954843252,-0.9459783505556276,6.283185307179586,0.0,0.0
7.4774774774774775,0.0,-0.141041331924896,-0.9900037084216419,6.283185307179586,0.0,0.0
7.5075075075075075,0.0,0.04715356935230542,-0.998887651789273,6.283185307179586,0.0,0.0
7.5375375375375375,0.0,0.23367469596422838,-0.9723148340253658,6.283185307179586,0.0,0.0
7.5675675675675675,0.0,0.41190124824394536,-0.9112284903880189,6.283185307179586,0.0,0.0
7.597597597597598,0.0,0.5755068527698212,-0.8177969567164716,6.283185307179586,0.0,0.0
7.627627627627628,0.0,0.7186841248684501,-0.6953367016502263,6.283185307179586,0.0,0.0
7.657657657657658,0.0,0.8363508089656718,-0.5481946044446363,6.283185307179586,0.0,0.0
7.687687687687688,0.0,0.9243301795771917,-0.38159365707849596,6.283185307179586,0.0,0.0
7.717717717717718,0.0,0.9794992993809913,-0.20144756764947563,6.283185307179586,0.0,0.0
7.747747747747748,0.0,0.9998998717666198,-0.014150845940756551,6.283185307179586,0.0,0.0
7.777777777777778,0.0,0.98480775301208,0.17364817766691076,6.283185307179586,0.0,0.0
7.807807807807808,0.0,0.9347586566670284,0.35528334296135006,6.283185307179586,0.0,0.0
7.837837837837838,0.0,0.8515291377331988,0.5243072835571657,6.283185307179586,0.0,0.0
7.867867867867868,0.0,0.7380735316322404,0.6747202841946058,6.283185307179586,0.0,0.0
7.897897897897898,0.0,0.598419086390846,0.8011832481042537,6.283185307179586,0.0,0.0
7.927927927927928,0.0,0.4375230104568442,0.8992072148957194,6.283185307179586,0.0,0.0
7.957957957957958,0.0,0.26109651041205106,0.9653127017968759,6.283185307179586,0.0,0.0
7.987987987987988,0.0,0.07540206458238902,0.997153212227914,6.283185307179586,0.0,0.0
8.018018018018019,0.0,-0.1129688714290658,0.9935985276195692,6.283185307179586,0.0,0.0
8.048048048048049,0.0,-0.29732983666714036,0.9547748259287232,6.283185307179586,0.0,0.0
8.078078078078079,0.0,-0.4711367090829618,0.8820602027946888,6.283185307179586,0.0,0.0
8.108108108108109,0.0,-0.6282199972955641,0.7780357543183293,6.283185307179586,0.0,0.0
8.138138138138139,0.0,-0.7630038343714298,0.6463939578416749,6.283185307179586,0.0,0.0
8.168168168168169,0.0,-0.8707039001650138,0.4918076028663668,6.283185307179586,0.0,0.0
8.198198198198199,0.0,-0.9474972467203037,0.3197639245711927,6.283185307179586,0.0,0.0
8.228228228228229,0.0,-0.9906579985692973,0.13636982756607136,6.283185307179586,0.0,0.0
8.258258258258259,0.0,-0.9986541110763186,-0.051864886292103674,6.283185307179586,0.0,0.0
8.288288288288289,0.0,-0.9712017522702397,-0.23825859142314165,6.283185307179586,0.0,0.0
8.318318318318319,0.0,-0.9092753778137582,-0.41619501114425916,6.283185307179586,0.0,0.0
8.348348348348349,0.0,-0.8150731414861426,-0.5793580706502943,6.283185307179586,0.0,0.0
8.378378378378379,0.0,-0.6919388689774422,-0.7219560939544305,6.283185307179586,0.0,0.0
8.408408408408409,0.0,-0.5442433646314943,-0.8389273866398151,6.283185307179586,0.0,0.0
8.438438438438439,0.0,-0.37722926430270753,-0.9261199070062994,6.283185307179586,0.0,0.0
8.468468468468469,0.0,-0.1968249414676679,-0.9804386479611904,6.283185307179586,0.0,0.0
8.498498498498499,0.0,-0.009434072225885708,-0.9999554981502697,6.283185307179586,0.0,0.0
8.528528528528529,0.0,0.17829167115796002,-0.9839776826714204,6.283185307179586,0.0,0.0
8.558558558558559,0.0,0.3596887296444931,-0.9330723539825014,6.283185307179586,0.0,0.0
8.588588588588589,0.0,0.5283181887459835,-0.8490464601185721,6.283185307179586,0.0,0.0
8.618618618618619,0.0,0.6781943358145757,-0.7348826048211651,6.283185307179586,0.0,0.0
8.64864864864865,0.0,0.80399713036683,-0.5946331763041949,6.283185307179586,0.0,0.0
8.67867867867868,0.0,0.9012610455458181,-0.43327650268779944,6.283185307179586,0.0,0.0
8.70870870870871,0.0,0.966533577557903,-0.2565401400421209,6.283185307179586,0.0,0.0
8.73873873873874,0.0,0.9974977965943551,-0.07069756565197755,6.283185307179586,0.0,0.0
8.76876876876877,0.0,0.9930545891402219,0.11765450687182805,6.283185307179586,0.0,0.0
8.7987987987988,0.0,0.9533616723772879,0.3018302861571189,6.283185307179586,0.0,0.0
8.82882882882883,0.0,0.8798279958162972,0.475292223561026,6.283185307179586,0.0,0.0
8.85885885885886,0.0,0.7750637288794834,0.631883071600384,6.283185307179586,0.0,0.0
8.88888888888889,0.0,0.6427876096864399,0.7660444431188689,6.283185307179586,0.0,0.0
8.91891891891892,0.0,0.4876949438135571,0.8730141131610617,6.283185307179586,0.0,0.0
8.94894894894895,0.0,0.31529093857545004,0.9489950600777194,6.283185307179586,0.0,0.0
8.97897897897898,0.0,0.13169528883559822,0.991290245537708,6.283185307179586,0.0,0.0
9.00900900900901,0.0,-0.056575049183789534,0.9983983492622329,6.283185307179586,0.0,0.0
9.03903903903904,0.0,-0.24283718537855611,0.9700670602577532,6.283185307179586,0.0,0.0
9.06906906906907,0.0,-0.42047951326915617,0.9073020329089049,6.283185307179586,0.0,0.0
9.0990990990991,0.0,-0.5831963972061903,0.8123311900237596,6.283185307179586,0.0,0.0
9.12912912912913,0.0,-0.7252119987602916,0.6885256399392832,6.283185307179586,0.0,0.0
9.15915915915916,0.0,-0.8414852972999257,0.5402800148328195,6.283185307179586,0.0,0.0
9.18918918918919,0.0,-0.9278890272963705,0.37285647778024555,6.283185307179586,0.0,0.0
9.21921921921922,0.0,-0.9813561807534111,0.19219793572453658,6.283185307179586,0.0,0.0
9.24924924924925,0.0,-0.9999888744755608,0.004717088593024221,6.283185307179586,0.0,0.0
9.27927927927928,0.0,-0.9831257177955516,-0.1829311974723658,6.283185307179586,0.0,0.0
9.30930930930931,0.0,-0.9313652894597073,-0.3640861128762346,6.283185307179586,0.0,0.0
9.33933933933934,0.0,-0.8465448903299251,-0.5323173383011158,6.283185307179586,0.0,0.0
9.36936936936937,0.0,-0.7316753261015593,-0.6816532968994319,6.283185307179586,0.0,0.0
9.3993993993994,0.0,-0.5908340350058598,-0.8067931228502021,6.283185307179586,0.0,0.0
9.42942942942943,0.0,-0.42902035406225275,-0.9032948221926134,6.283185307179586,0.0,0.0
9.45945945945946,0.0,-0.2519780613850789,-0.9677329469333483,6.283185307179586,0.0,0.0
9.48948948948949,0.0,-0.06599149362660338,-0.9978201855888736,6.283185307179586,0.0,0.0
9.51951951951952,0.0,0.12233752437844427,-0.9924885541549774,6.283185307179586,0.0,0.0
9.54954954954955,0.0,0.3063240196067406,-0.9519273055289734,6.283185307179586,0.0,0.0
9.57957957957958,0.0,0.47943716228873867,-0.877576211742435,6.283185307179586,0.0,0.0
9.60960960960961,0.0,0.6355320858442871,-0.7720744574599594,6.283185307179586,0.0,0.0
9.63963963963964,0.0,0.769068006574197,-0.6391669588328784,6.283185307179586,0.0,0.0
9.66966966966967,0.0,0.8753049006776747,-0.4835714330368623,6.283185307179586,0.0,0.0
9.6996996996997,0.0,0.95047175729996,-0.3108109370257166,6.283185307179586,0.0,0.0
9.72972972972973,0.0,0.9919004352587172,-0.12701781974685405,6.283185307179586,0.0,0.0
9.75975975975976,0.0,0.9981203720379846,0.06128395322131053,6.283185307179586,0.0,0.0
9.78978978978979,0.0,0.9689107832359912,0.24741037595196602,6.283185307179586,0.0,0.0
9.81981981981982,0.0,0.9053084995824474,0.4247546592839819,6.283185307179586,0.0,0.0
9.84984984984985,0.0,0.8095711633406095,0.5870217470307253,6.283185307179586,0.0,0.0
9.87987987987988,0.0,0.6850970904836658,0.7284517668387434,6.283185307179586,0.0,0.0
9.90990990990991,0.0,0.5363046432372912,0.8440244840298128,6.283185307179586,0.0,0.0
9.93993993993994,0.0,0.36847539481018593,0.9296375010826243,6.283185307179586,0.0,0.0
9.96996996996997,0.0,0.18756665337580297,0.9822518773415855,6.283185307179586,0.0,0.0
10.0,0.0,-2.959337226569391e-15,0.9999999999998332,6.283185307179586,0.0,0.0
10.03003003003003,0.0,-0.18756665337580872,0.9822518773415833,6.283185307179586,0.0,0.0
10.06006006006006,0.0,-0.36847539481019104,0.92963750108262,6.283185307179586,0.0,0.0
10.09009009009009,0.0,-0.5363046432372952,0.8440244840298063,6.283185307179586,0.0,0.0
10.12012012012012,0.0,-0.6850970904836681,0.7284517668387351,6.283185307179586,0.0,0.0
10.15015015015015,0.0,-0.8095711633406094,0.5870217470307157,6.283185307179586,0.0,0.0
10.18018018018018,0.0,-0.9053084995824447,0.42475465928397166,6.283185307179586,0.0,0.0
10.21021021021021,0.0,-0.9689107832359855,0.24741037595195575,6.283185307179586,0.0,0.0
10.24024024024024,0.0,-0.9981203720379755,0.06128395322130098,6.283185307179586,0.0,0.0
10.27027027027027,0.0,-0.9919004352587059,-0.12701781974686172,6.283185307179586,0.0,0.0
10.3003003003003,0.0,-0.950471757299946,-0.3108109370257221,6.283185307179586,0.0,0.0
10.33033033033033,0.0,-0.875304900677659,-0.4835714330368649,6.283185307179586,0.0,0.0
10.36036036036036,0.0,-0.76906800657418,-0.6391669588328774,6.283185307179586,0.0,0.0
10.39039039039039,0.0,-0.6355320858442697,-0.7720744574599543,6.283185307179586,0.0,0.0
10.42042042042042,0.0,-0.4794371622887219,-0.8775762117424262,6.283185307179586,0.0,0.0
10.45045045045045,0.0,-0.3063240196067257,-0.9519273055289608,6.283185307179586,0.0,0.0
10.48048048048048,0.0,-0.12233752437843165,-0.9924885541549608,6.283185307179586,0.0,0.0
10.51051051051051,0.0,0.06599149362661266,-0.9978201855888542,6.283185307179586,0.0,0.0
10.54054054054054,0.0,0.251978061385084,-0.9677329469333265,6.283185307179586,0.0,0.0
10.57057057057057,0.0,0.42902035406225325,-0.9032948221925905,6.283185307179586,0.0,0.0
10.6006006006006,0.0,0.590834035005855,-0.8067931228501787,6.283185307179586,0.0,0.0
10.63063063063063,0.0,0.731675326101549,-0.6816532968994091,6.283185307179586,0.0,0.0
10.66066066066066,0.0,0.8465448903299094,-0.5323173383010948,6.283185307179586,0.0,0.0
10.69069069069069,0.0,0.9313652894596871,-0.3640861128762166,6.283185307179586,0.0,0.0
10.72072072072072,0.0,0.9831257177955269,-0.18293119747235226,6.283185307179586,0.0,0.0
10.75075075075075,0.0,0.9999888744755332,0.004717088593032437,6.283185307179586,0.0,0.0
10.78078078078078,0.0,0.9813561807533813,0.19219793572453903,6.283185307179586,0.0,0.0
10.81081081081081,0.0,0.92788902729634,0.3728564777802413,6.283185307179586,0.0,0.0
10.84084084084084,0.0,0.8414852972998963,0.5402800148328089,6.283185307179586,0.0,0.0
10.87087087087087,0.0,0.7252119987602643,0.6885256399392665,6.283185307179586,0.0,0.0
10.9009009009009,0.0,0.5831963972061662,0.8123311900237368,6.283185307179586,0.0,0.0
10.93093093093093,0.0,0.42047951326913696,0.9073020329088775,6.283185307179586,0.0,0.0
10.96096096096096,0.0,0.24283718537854246,0.9700670602577216,6.283185307179586,0.0,0.0
10.99099099099099,0.0,0.0565750491837821,0.9983983492621982,6.283185307179586,0.0,0.0
11.02102102102102,0.0,-0.13169528883559883,0.9912902455376709,6.283185307179586,0.0,0.0
11.05105105105105,0.0,-0.3152909385754433,0.9489950600776815,6.283185307179586,0.0,0.0
11.08108108108108,0.0,-0.4876949438135432,0.8730141131610248,6.283185307179586,0.0,0.0
11.11111111111111,0.0,-0.6427876096864189,0.766044443118834,6.283185307179586,0.0,0.0
11.14114114114114,0.0,-0.775063728879456,0.6318830716003528,6.283185307179586,0.0,0.0
11.17117117117117,0.0,-0.8798279958162633,0.4752922235609996,6.283185307179586,0.0,0.0
11.2012012012012,0.0,-0.9533616723772488,0.3018302861570989,6.283185307179586,0.0,0.0
11.23123123123123,0.0,-0.9930545891401791,0.11765450687181517,6.283185307179586,0.0,0.0
11.26126126126126,0.0,-0.9974977965943094,-0.07069756565198237,6.283185307179586,0.0,0.0
11.29129129129129,0.0,-0.9665335775578561,-0.2565401400421173,6.283185307179586,0.0,0.0
11.32132132132132,0.0,-0.9012610455457714,-0.4332765026877869,6.283185307179586,0.0,0.0
11.35135135135135,0.0,-0.8039971303667854,-0.5946331763041738,6.283185307179586,0.0,0.0
11.381381381381381,0.0,-0.6781943358145347,-0.7348826048211355,6.283185307179586,0.0,0.0
11.411411411411411,0.0,-0.5283181887459482,-0.849046460118535,6.283185307179586,0.0,0.0
11.441441441441441,0.0,-0.3596887296444647,-0.9330723539824579,6.283185307179586,0.0,0.0
11.471471471471471,0.0,-0.17829167115793992,-0.9839776826713714,6.283185307179586,0.0,0.0
11.501501501501501,0.0,0.009434072225896248,-0.999955498150217,6.283185307179586,0.0,0.0
11.531531531531531,0.0,0.19682494146766816,-0.9804386479611357,6.283185307179586,0.0,0.0
11.561561561561561,0.0,0.37722926430269704,-0.9261199070062447,6.283185307179586,0.0,0.0
11.591591591591591,0.0,0.5442433646314726,-0.8389273866397624,6.283185307179586,0.0,0.0
11.621621621621621,0.0,0.6919388689774105,-0.7219560939543825,6.283185307179586,0.0,0.0
11.651651651651651,0.0,0.8150731414861019,-0.5793580706502528,6.283185307179586,0.0,0.0
11.681681681681681,0.0,0.9092753778137093,-0.4161950111442258,6.283185307179586,0.0,0.0
11.711711711711711,0.0,0.9712017522701842,-0.23825859142311834,6.283185307179586,0.0,0.0
11.741741741741741,0.0,0.9986541110762582,-0.05186488629209135,6.283185307179586,0.0,0.0
11.771771771771771,0.0,0.9906579985692351,0.13636982756607197,6.283185307179586,0.0,0.0
11.801801801801801,0.0,0.9474972467202414,0.3197639245711806,6.283185307179586,0.0,0.0
11.831831831831831,0.0,0.8707039001649542,0.4918076028663422,6.283185307179586,0.0,0.0
11.861861861861861,0.0,0.7630038343713754,0.6463939578416387,6.283185307179586,0.0,0.0
11.891891891891891,0.0,0.6282199972955174,0.7780357543182821,6.283185307179586,0.0,0.0
11.921921921921921,0.0,0.4711367090829244,0.882060202794633,6.283185307179586,0.0,0.0
11.951951951951951,0.0,0.2973298366671138,0.9547748259286604,6.283185307179586,0.0,0.0
11.981981981981981,0.0,0.11296887142905175,0.9935985276195016,6.283185307179586,0.0,0.0
12.012012012012011,0.0,-0.07540206458238444,0.997153212227844,6.283185307179586,0.0,0.0
12.042042042042041,0.0,-0.2610965104120334,0.9653127017968073,6.283185307179586,0.0,0.0
12.072072072072071,0.0,-0.43752301045681363,0.8992072148956538,6.283185307179586,0.0,0.0
12.102102102102101,0.0,-0.5984190863908032,0.8011832481041944,6.283185307179586,0.0,0.0
12.132132132132131,0.0,-0.7380735316321867,0.6747202841945551,6.283185307179586,0.0,0.0
12.162162162162161,0.0,-0.8515291377331355,0.5243072835571247,6.283185307179586,0.0,0.0
12.192192192192191,0.0,-0.934758656666958,0.3552833429613215,6.283185307179586,0.0,0.0
12.222222222222221,0.0,-0.9848077530120044,0.17364817766689544,6.283185307179586,0.0,0.0
12.252252252252251,0.0,-0.9998998717665414,-0.014150845940758328,6.283185307179586,0.0,0.0
12.282282282282281,0.0,-0.9794992993809127,-0.20144756764946264,6.283185307179586,0.0,0.0
12.312312312312311,0.0,-0.9243301795771156,-0.3815936570784684,6.283185307179586,0.0,0.0
12.342342342342342,0.0,-0.8363508089656014,-0.548194604444595,6.283185307179586,0.0,0.0
12.372372372372372,0.0,-0.7186841248683881,-0.6953367016501724,6.283185307179586,0.0,0.0
12.402402402402402,0.0,-0.5755068527697698,-0.8177969567164062,6.283185307179586,0.0,0.0
12.432432432432432,0.0,-0.4119012482439067,-0.911228490387944,6.283185307179586,0.0,0.0
12.462462462462462,0.0,-0.23367469596420412,-0.972314834025284,6.283185307179586,0.0,0.0
12.492492492492492,0.0,-0.04715356935229682,-0.9988876517891866,6.283185307179586,0.0,0.0
12.522522522522522,0.0,0.1410413319248881,-0.990003708421554,6.283185307179586,0.0,0.0
12.552552552552552,0.0,0.3242297954843005,-0.9459783505555416,6.283185307179586,0.0,0.0
12.582582582582582,0.0,0.4959093186842821,-0.8683743130941083,6.283185307179586,0.0,0.0
12.612612612612612,0.0,0.649985923053506,-0.7599462479885365,6.283185307179586,0.0,0.0
12.642642642642642,0.0,0.7809904676457483,-0.624542944437007,6.283185307179586,0.0,0.0
12.672672672672672,0.0,0.8842727830085861,-0.4669707113190504,6.283185307179586,0.0,0.0
12.702702702702702,0.0,0.9561667347390437,-0.292822771276491,6.283185307179586,0.0,0.0
12.732732732732732,0.0,0.9941203574897238,-0.10828072231044267,6.283185307179586,0.0,0.0
12.762762762762762,0.0,0.9967864401568187,0.08010488573778518,6.283185307179586,0.0,0.0
12.792792792792792,0.0,0.9640703468159427,0.26564707111081404,6.283185307179586,0.0,0.0
12.822822822822824,0.0,0.8971333759421162,0.44175978288009293,6.283185307179586,0.0,0.0
12.852852852852854,0.0,0.7983515386742281,0.6021916810252836,6.283185307179586,0.0,0.0
12.882882882882884,0.0,0.6712312193407515,0.7412480355332427,6.283185307179586,0.0,0.0
12.912912912912914,0.0,0.5202847119814599,0.8539928679315372,6.283185307179586,0.0,0.0
12.942942942942944,0.0,0.35087005085124817,0.9364241599911889,6.283185307179586,0.0,0.0
12.972972972972974,0.0,0.1690008203218064,0.9856159103474924,6.283185307179586,0.0,0.0
13.003003003003004,0.0,-0.01886730478446843,0.9998219965622523,6.283185307179586,0.0,0.0
13.033033033033034,0.0,-0.2060657114116524,0.978538155914202,6.283185307179586,0.0,0.0
13.063063063063064,0.0,-0.3859495589952483,0.9225198848322619,6.283185307179586,0.0,0.0
13.093093093093094,0.0,-0.5521336463529524,0.8337556216089631,6.283185307179586,0.0,0.0
13.123123123123124,0.0,-0.6987190623522164,0.7153961643070186,6.283185307179586,0.0,0.0
13.153153153153154,0.0,-0.8205025751069082,0.571642829258346,6.283185307179586,0.0,0.0
13.183183183183184,0.0,-0.9131613271727818,0.40759832010889907,6.283185307179586,0.0,0.0
13.213213213213214,0.0,-0.9734062807557862,0.22908560099827213,6.283185307179586,0.0,0.0
13.243243243243244,0.0,-0.9990989662044576,0.042441203196131594,6.283185307179586,0.0,0.0
13.273273273273274,0.0,-0.9893273896532697,-0.1457096979661862,6.283185307179586,0.0,0.0
13.303303303303304,0.0,-0.9444384053806136,-0.32868845194450197,6.283185307179586,0.0,0.0
13.333333333333334,0.0,-0.8660254037842392,-0.49999999999989386,6.283185307179586,0.0,0.0
13.363363363363364,0.0,-0.7568717520048149,-0.6535634253970369,6.283185307179586,0.0,0.0
13.393393393393394,0.0,-0.6208519948430962,-0.7839278031163925,6.283185307179586,0.0,0.0
13.423423423423424,0.0,-0.4627943229671867,-0.8864656872259004,6.283185307179586,0.0,0.0
13.453453453453454,0.0,-0.2883091902721488,-0.9575373678369744,6.283185307179586,0.0,0.0
13.483483483483484,0.0,-0.10359016383220829,-0.994620067139588,6.283185307179586,0.0,0.0
13.513513513513514,0.0,0.08480592447549683,-0.9963974885422975,6.283185307179586,0.0,0.0
13.543543543543544,0.0,0.2701917208837266,-0.9628065402589612,6.283185307179586,0.0,0.0
13.573573573573574,0.0,0.44598672568497916,-0.8950395748302586,6.283185307179586,0.0,0.0
13.603603603603604,0.0,0.6059508762634134,-0.7955020650854024,6.283185307179586,0.0,0.0
13.633633633633634,0.0,0.7444060458882508,-0.6677272188884893,6.283185307179586,0.0,0.0
13.663663663663664,0.0,0.8564375958931504,-0.5162505635254041,6.283185307179586,0.0,0.0
13.693693693693694,0.0,0.9380688268959497,-0.34644895151463806,6.283185307179586,0.0,0.0
13.723723723723724,0.0,0.9864021366954856,-0.1643497025312629,6.283185307179586,0.0,0.0
13.753753753753754,0.0,0.9997218742701556,0.02358334381085614,6.283185307179586,0.0,0.0
13.783783783783784,0.0,0.9775552389474569,0.21067926999568143,6.283185307179586,0.0,0.0
13.813813813813814,0.0,0.920689063052646,0.39029687312963784,6.283185307179586,0.0,0.0
13.843843843843844,0.0,0.8311418823154963,0.5560604027087206,6.283185307179586,0.0,0.0
13.873873873873874,0.0,0.7120922854308552,0.7020858758224602,6.283185307179586,0.0,0.0
13.903903903903904,0.0,0.5677660860945709,0.8231899364547534,6.283185307179586,0.0,0.0
13.933933933933934,0.0,0.40328632248388213,0.9150738451605711,6.283185307179586,0.0,0.0
13.963963963963964,0.0,0.22449140863751552,0.9744760681758527,6.283185307179586,0.0,0.0
13.993993993993994,0.0,0.037727892678704425,0.9992880496201025,6.283185307179586,0.0,0.0
14.024024024024024,0.0,-0.15037482181390455,0.9886290573131863,6.283185307179586,0.0,0.0
14.054054054054054,0.0,-0.33313979474198147,0.9428774454608573,6.283185307179586,0.0,0.0
14.084084084084084,0.0,-0.5040795557912072,0.8636572245010512,6.283185307179586,0.0,0.0
14.114114114114114,0.0,-0.6571263852690339,0.7537804148309855,6.283185307179586,0.0,0.0
14.144144144144144,0.0,-0.7868476953714034,0.6171472306413032,6.283185307179586,0.0,0.0
14.174174174174174,0.0,-0.8886388666521439,0.45860763695637596,6.283185307179586,0.0,0.0
14.204204204204204,0.0,-0.9588866947244192,0.28378919408602304,6.283185307179586,0.0,0.0
14.234234234234235,0.0,-0.9950976454500253,0.0988973003642204,6.283185307179586,0.0,0.0
14.264264264264265,0.0,-0.9959863660388617,-0.08950507619245052,6.283185307179586,0.0,0.0
14.294294294294295,0.0,-0.9615213102468898,-0.27473035860752176,6.283185307179586,0.0,0.0
14.324324324324325,0.0,-0.8929258581493478,-0.45020374481756886,6.283185307179586,0.0,0.0
14.354354354354355,0.0,-0.7926348907414867,-0.6096965884591625,6.283185307179586,0.0,0.0
14.384384384384385,0.0,-0.664208360805446,-0.7475474924281739,6.283185307179586,0.0,0.0
14.414414414414415,0.0,-0.5122049279529826,-0.8588632672202178,6.283185307179586,0.0,0.0
14.444444444444445,0.0,-0.3420201433255783,-0.9396926207856784,6.283185307179586,0.0,0.0
14.474474474474475,0.0,-0.1596949277875039,-0.9871664145616226,6.283185307179586,0.0,0.0
14.504504504504505,0.0,0.02829885808311698,-0.9995995071180737,6.283185307179586,0.0,0.0
14.534534534534535,0.0,0.21528814074504235,-0.9765505703516053,6.283185307179586,0.0,0.0
14.564564564564565,0.0,0.39463550274934744,-0.9188377549759649,6.283185307179586,0.0,0.0
14.594594594594595,0.0,0.5599747861374597,-0.8285096492436322,6.283185307179586,0.0,0.0
14.624624624624625,0.0,0.7054370671457798,-0.7087725617546576,6.283185307179586,0.0,0.0
14.654654654654655,0.0,0.8258589809633382,-0.5638767095400331,6.283185307179586,0.0,0.0
14.684684684684685,0.0,0.9169660017957845,-0.3989653513153125,6.283185307179586,0.0,0.0
14.714714714714715,0.0,0.9755241724815936,-0.2198922211075186,6.283185307179586,0.0,0.0
14.744744744744745,0.0,0.9994548978288168,-0.0330137426761018,6.283185307179586,0.0,0.0
14.774774774774775,0.0,0.9879087269399273,0.1550365996641616,6.283185307179586,0.0,0.0
14.804804804804805,0.0,0.9412955055292634,0.3375837248297093,6.283185307179586,0.0,0.0
14.834834834834835,0.0,0.8612698279390106,0.5081478952838423,6.283185307179586,0.0,0.0
14.864864864864865,0.0,0.7506723052525316,0.6606747233899148,6.283185307179586,0.0,0.0
14.894894894894895,0.0,0.6134287342665037,0.7897500794401258,6.283185307179586,0.0,0.0
14.924924924924925,0.0,0.4544107464447592,0.8907922729318014,6.283185307179586,0.0,0.0
14.954954954954955,0.0,0.27926288329275667,0.9602146853774437,6.283185307179586,0.0,0.0
14.984984984984985,0.0,0.09420223632760019,0.9955530817944187,6.283185307179586,0.0,0.0
15.015015015015015,0.0,-0.09420223632760373,0.9955530817944178,6.283185307179586,0.0,0.0
15.045045045045045,0.0,-0.27926288329275967,0.9602146853774409,6.283185307179586,0.0,0.0
15.075075075075075,0.0,-0.45441074644476165,0.8907922729317969,6.283185307179586,0.0,0.0
15.105105105105105,0.0,-0.6134287342665046,0.7897500794401197,6.283185307179586,0.0,0.0
15.135135135135135,0.0,-0.7506723052525309,0.6606747233899076,6.283185307179586,0.0,0.0
15.165165165165165,0.0,-0.861269827939008,0.5081478952838342,6.283185307179586,0.0,0.0
15.195195195195195,0.0,-0.9412955055292584,0.33758372482970095,6.283185307179586,0.0,0.0
15.225225225225225,0.0,-0.9879087269399202,0.15503659966415362,6.283185307179586,0.0,0.0
15.255255255255255,0.0,-0.9994548978288069,-0.033013742676108404,6.283185307179586,0.0,0.0
15.285285285285285,0.0,-0.9755241724815812,-0.21989222110752377,6.283185307179586,0.0,0.0
15.315315315315315,0.0,-0.9169660017957703,-0.39896535131531513,6.283185307179586,0.0,0.0
15.345345345345345,0.0,-0.825858980963323,-0.5638767095400323,6.283185307179586,0.0,0.0
15.375375375375375,0.0,-0.7054370671457636,-0.7087725617546536,6.283185307179586,0.0,0.0
15.405405405405405,0.0,-0.5599747861374437,-0.8285096492436248,6.283185307179586,0.0,0.0
15.435435435435435,0.0,-0.3946355027493322,-0.9188377549759538,6.283185307179586,0.0,0.0
15.465465465465465,0.0,-0.215288140745029,-0.9765505703515905,6.283185307179586,0.0,0.0
15.495495495495495,0.0,-0.028298858083106566,-0.9995995071180555,6.283185307179586,0.0,0.0
15.525525525525525,0.0,0.15969492778751052,-0.9871664145616018,6.283185307179586,0.0,0.0
15.555555555555555,0.0,0.3420201433255805,-0.9396926207856556,6.283185307179586,0.0,0.0
15.585585585585585,0.0,0.5122049279529798,-0.8588632672201937,6.283185307179586,0.0,0.0
15.615615615615615,0.0,0.6642083608054374,-0.7475474924281507,6.283185307179586,0.0,0.0
15.645645645645645,0.0,0.7926348907414723,-0.6096965884591408,6.283185307179586,0.0,0.0
15.675675675675675,0.0,0.8929258581493282,-0.45020374481755004,6.283185307179586,0.0,0.0
15.705705705705705,0.0,0.961521310246866,-0.2747303586075067,6.283185307179586,0.0,0.0
15.735735735735735,0.0,0.9959863660388347,-0.08950507619244097,6.283185307179586,0.0,0.0
15.765765765765765,0.0,0.995097645449996,0.09889730036422417,6.283185307179586,0.0,0.0
15.795795795795796,0.0,0.9588866947243888,0.2837891940860209,6.283185307179586,0.0,0.0
15.825825825825826,0.0,0.8886388666521133,0.458607636956367,6.283185307179586,0.0,0.0
15.855855855855856,0.0,0.7868476953713744,0.6171472306412874,6.283185307179586,0.0,0.0
15.885885885885886,0.0,0.6571263852690081,0.7537804148309638,6.283185307179586,0.0,0.0
15.915915915915916,0.0,0.5040795557911858,0.8636572245010241,6.283185307179586,0.0,0.0
15.945945945945946,0.0,0.3331397947419655,0.9428774454608254,6.283185307179586,0.0,0.0
15.975975975975976,0.0,0.1503748218138947,0.9886290573131509,6.283185307179586,0.0,0.0
16.006006006006007,0.0,-0.03772789267871856,0.9992880496200642,6.283185307179586,0.0,0.0
16.036036036036037,0.0,-0.22449140863752212,0.9744760681758114,6.283185307179586,0.0,0.0
16.066066066066067,0.0,-0.4032863224838805,0.9150738451605277,6.283185307179586,0.0,0.0
16.096096096096097,0.0,-0.5677660860945605,0.8231899364547101,6.283185307179586,0.0,0.0
16.126126126126128,0.0,-0.7120922854308366,0.7020858758224187,6.283185307179586,0.0,0.0
16.156156156156158,0.0,-0.8311418823154697,0.5560604027086822,6.283185307179586,0.0,0.0
16.186186186186188,0.0,-0.9206890630526116,0.3902968731296045,6.283185307179586,0.0,0.0
16.216216216216218,0.0,-0.977555238947416,0.21067926999565423,6.283185307179586,0.0,0.0
16.246246246246248,0.0,-0.9997218742701093,0.023583343810836543,6.283185307179586,0.0,0.0
16.276276276276278,0.0,-0.9864021366954355,-0.16434970253127423,6.283185307179586,0.0,0.0
16.306306306306308,0.0,-0.9380688268958972,-0.34644895151463945,6.283185307179586,0.0,0.0
16.336336336336338,0.0,-0.8564375958930973,-0.5162505635253954,6.283185307179586,0.0,0.0
16.366366366366368,0.0,-0.7444060458881994,-0.6677272188884705,6.283185307179586,0.0,0.0
16.396396396396398,0.0,-0.6059508762633654,-0.7955020650853738,6.283185307179586,0.0,0.0
16.426426426426428,0.0,-0.4459867256849369,-0.8950395748302209,6.283185307179586,0.0,0.0
16.456456456456458,0.0,-0.2701917208836919,-0.9628065402589151,6.283185307179586,0.0,0.0
16.486486486486488,0.0,-0.08480592447547125,-0.9963974885422445,6.283185307179586,0.0,0.0
16.516516516516518,0.0,0.10359016383222337,-0.99462006713953,6.283185307179586,0.0,0.0
16.546546546546548,0.0,0.28830919027215235,-0.9575373678369138,6.283185307179586,0.0,0.0
16.576576576576578,0.0,0.46279432296717815,-0.886465687225839,6.283185307179586,0.0,0.0
16.606606606606608,0.0,0.6208519948430757,-0.7839278031163328,6.283185307179586,0.0,0.0
16.636636636636638,0.0,0.7568717520047825,-0.653563425396982,6.283185307179586,0.0,0.0
16.666666666666668,0.0,0.8660254037841953,-0.4999999999998457,6.283185307179586,0.0,0.0
16.696696696696698,0.0,0.9444384053805602,-0.32868845194446306,6.283185307179586,0.0,0.0
16.726726726726728,0.0,0.9893273896532093,-0.14570969796615812,6.283185307179586,0.0,0.0
16.756756756756758,0.0,0.9990989662043919,0.04244120319614675,6.283185307179586,0.0,0.0
16.786786786786788,0.0,0.9734062807557181,0.2290856009982739,6.283185307179586,0.0,0.0
16.816816816816818,0.0,0.9131613271727136,0.40759832010888747,6.283185307179586,0.0,0.0
16.846846846846848,0.0,0.8205025751068427,0.5716428292583207,6.283185307179586,0.0,0.0
16.876876876876878,0.0,0.6987190623521562,0.7153961643069804,6.283185307179586,0.0,0.0
16.906906906906908,0.0,0.5521336463529003,0.8337556216089137,6.283185307179586,0.0,0.0
16.936936936936938,0.0,0.3859495589952064,0.9225198848322027,6.283185307179586,0.0,0.0
16.966966966966968,0.0,0.2060657114116223,0.978538155914135,6.283185307179586,0.0,0.0
16.996996996996998,0.0,0.01886730478445156,0.99982199656218,6.283185307179586,0.0,0.0
17.027027027027028,0.0,-0.16900082032180924,0.9856159103474171,6.283185307179586,0.0,0.0
17.057057057057058,0.0,-0.3508700508512367,0.9364241599911133,6.283185307179586,0.0,0.0
17.087087087087088,0.0,-0.5202847119814343,0.8539928679314637,6.283185307179586,0.0,0.0
17.117117117117118,0.0,-0.6712312193407122,0.7412480355331743,6.283185307179586,0.0,0.0
17.147147147147148,0.0,-0.7983515386741762,0.6021916810252228,6.283185307179586,0.0,0.0
17.177177177177178,0.0,-0.8971333759420534,0.4417597828800422,6.283185307179586,0.0,0.0
17.207207207207208,0.0,-0.9640703468158679,0.26564707111078595,6.283185307179586,0.0,0.0
17.237237237237238,0.0,-0.9967864401567391,0.08010488573777108,6.283185307179586,0.0,0.0
17.26726726726727,0.0,-0.994120357489642,-0.10828072231044189,6.283185307179586,0.0,0.0
17.2972972972973,0.0,-0.9561667347389626,-0.29282277127647516,6.283185307179586,0.0,0.0
17.32732732732733,0.0,-0.8842727830085083,-0.46697071131901985,6.283185307179586,0.0,0.0
17.35735735735736,0.0,-0.7809904676456761,-0.6245429444369621,6.283185307179586,0.0,0.0
17.38738738738739,0.0,-0.6499859230534424,-0.7599462479884782,6.283185307179586,0.0,0.0
17.41741741741742,0.0,-0.4959093186842296,-0.8683743130940383,6.283185307179586,0.0,0.0
17.44744744744745,0.0,-0.3242297954842616,-0.9459783505554621,6.283185307179586,0.0,0.0
17.47747747747748,0.0,-0.1410413319248645,-0.9900037084214677,6.283185307179586,0.0,0.0
17.50750750750751,0.0,0.04715356935230373,-0.9988876517890962,6.283185307179586,0.0,0.0
17.53753753753754,0.0,0.23367469596419352,-0.9723148340251925,6.283185307179586,0.0,0.0
17.56756756756757,0.0,0.4119012482438789,-0.9112284903878555,6.283185307179586,0.0,0.0
17.5975975975976,0.0,0.575506852769725,-0.8177969567163237,6.283185307179586,0.0,0.0
17.62762762762763,0.0,0.7186841248683277,-0.6953367016500994,6.283185307179586,0.0,0.0
17.65765765765766,0.0,0.8363508089655276,-0.5481946044445346,6.283185307179586,0.0,0.0
17.68768768768769,0.0,0.9243301795770312,-0.3815936570784231,6.283185307179586,0.0,0.0
17.71771771771772,0.0,0.97949929938082,-0.20144756764943422,6.283185307179586,0.0,0.0
17.74774774774775,0.0,0.9998998717664439,-0.014150845940747891,6.283185307179586,0.0,0.0
17.77777777777778,0.0,0.9848077530119055,0.17364817766688656,6.283185307179586,0.0,0.0
17.80780780780781,0.0,0.9347586566668618,0.35528334296129344,6.283185307179586,0.0,0.0
17.83783783783784,0.0,0.8515291377330457,0.5243072835570786,6.283185307179586,0.0,0.0
17.86786786786787,0.0,0.7380735316321063,0.6747202841944918,6.283185307179586,0.0,0.0
17.8978978978979,0.0,0.5984190863907358,0.801183248104116,6.283185307179586,0.0,0.0
17.92792792792793,0.0,0.43752301045676173,0.8992072148955634,6.283185307179586,0.0,0.0
17.95795795795796,0.0,0.2610965104119993,0.9653127017967078,6.283185307179586,0.0,0.0
17.98798798798799,0.0,0.07540206458236967,0.997153212227739,6.283185307179586,0.0,0.0
18.01801801801802,0.0,-0.11296887142904645,0.9935985276193945,6.283185307179586,0.0,0.0
18.04804804804805,0.0,-0.2973298366670885,0.9547748259285551,6.283185307179586,0.0,0.0
18.07807807807808,0.0,-0.4711367090828794,0.8820602027945336,6.283185307179586,0.0,0.0
18.10810810810811,0.0,-0.6282199972954541,0.778035754318192,6.283185307179586,0.0,0.0
18.13813813813814,0.0,-0.7630038343712958,0.6463939578415608,6.283185307179586,0.0,0.0
18.16816816816817,0.0,-0.870703900164861,0.4918076028662796,6.283185307179586,0.0,0.0
18.1981981981982,0.0,-0.9474972467201368,0.31976392457113567,6.283185307179586,0.0,0.0
18.22822822822823,0.0,-0.990657998569123,0.1363698275660467,6.283185307179586,0.0,0.0
18.25825825825826,0.0,-0.9986541110761425,-0.05186488629209568,6.283185307179586,0.0,0.0
18.28828828828829,0.0,-0.9712017522700686,-0.23825859142310085,6.283185307179586,0.0,0.0
18.31831831831832,0.0,-0.9092753778135976,-0.41619501114418694,6.283185307179586,0.0,0.0
18.34834834834835,0.0,-0.8150731414859985,-0.5793580706501935,6.283185307179586,0.0,0.0
18.37837837837838,0.0,-0.6919388689773193,-0.7219560939543044,6.283185307179586,0.0,0.0
18.40840840840841,0.0,-0.544243364631397,-0.8389273866396683,6.283185307179586,0.0,0.0
18.43843843843844,0.0,-0.37722926430263953,-0.9261199070061368,6.283185307179586,0.0,0.0
18.46846846846847,0.0,-0.19682494146763166,-0.9804386479610178,6.283185307179586,0.0,0.0
18.4984984984985,0.0,-0.009434072225882443,-0.9999554981500933,6.283185307179586,0.0,0.0
18.52852852852853,0.0,0.17829167115793013,-0.9839776826712464,6.283185307179586,0.0,0.0
18.55855855855856,0.0,0.35968872964443127,-0.9330723539823362,6.283185307179586,0.0,0.0
18.58858858858859,0.0,0.528318188745892,-0.8490464601184212,6.283185307179586,0.0,0.0
18.61861861861862,0.0,0.6781943358144573,-0.7348826048210342,6.283185307179586,0.0,0.0
18.64864864864865,0.0,0.8039971303666891,-0.5946331763040884,6.283185307179586,0.0,0.0
18.67867867867868,0.0,0.90126104554566,-0.43327650268772094,6.283185307179586,0.0,0.0
18.70870870870871,0.0,0.9665335775577335,-0.2565401400420736,6.283185307179586,0.0,0.0
18.73873873873874,0.0,0.9974977965941797,-0.070697565651963,6.283185307179586,0.0,0.0
18.76876876876877,0.0,0.9930545891400469,0.11765450687180906,6.283185307179586,0.0,0.0
18.7987987987988,0.0,0.9533616723771192,0.30183028615706686,6.283185307179586,0.0,0.0
18.82882882882883,0.0,0.8798279958161415,0.47529222356094347,6.283185307179586,0.0,0.0
18.85885885885886,0.0,0.775063728879346,0.6318830716002738,6.283185307179586,0.0,0.0
18.88888888888889,0.0,0.6427876096863254,0.7660444431187351,6.283185307179586,0.0,0.0
18.91891891891892,0.0,0.48769494381346973,0.8730141131609089,6.283185307179586,0.0,0.0
18.94894894894895,0.0,0.31529093857539275,0.948995060077553,6.283185307179586,0.0,0.0
18.97897897897898,0.0,0.13169528883557313,0.9912902455375341,6.283185307179586,0.0,0.0
19.00900900900901,0.0,-0.05657504918378155,0.9983983492620574,6.283185307179586,0.0,0.0
19.03903903903904,0.0,-0.24283718537851534,0.9700670602575823,6.283185307179586,0.0,0.0
19.06906906906907,0.0,-0.4204795132690839,0.9073020329087446,6.283185307179586,0.0,0.0
19.0990990990991,0.0,-0.5831963972060886,0.8123311900236153,6.283185307179586,0.0,0.0
19.12912912912913,0.0,-0.7252119987601645,0.6885256399391605,6.283185307179586,0.0,0.0
19.15915915915916,0.0,-0.8414852972997777,0.5402800148327226,6.283185307179586,0.0,0.0
19.18918918918919,0.0,-0.9278890272962068,0.3728564777801781,6.283185307179586,0.0,0.0
19.21921921921922,0.0,-0.9813561807532374,0.192197935724501,6.283185307179586,0.0,0.0
19.24924924924925,0.0,-0.9999888744753838,0.004717088593021668,6.283185307179586,0.0,0.0
19.27927927927928,0.0,-0.9831257177953769,-0.18293119747233516,6.283185307179586,0.0,0.0
19.30930930930931,0.0,-0.9313652894595419,-0.364086112876172,6.283185307179586,0.0,0.0
19.33933933933934,0.0,-0.8465448903297743,-0.5323173383010236,6.283185307179586,0.0,0.0
19.36936936936937,0.0,-0.731675326101428,-0.6816532968993134,6.283185307179586,0.0,0.0
19.3993993993994,0.0,-0.590834035005753,-0.8067931228500611,6.283185307179586,0.0,0.0
19.42942942942943,0.0,-0.4290203540621743,-0.9032948221924552,6.283185307179586,0.0,0.0
19.45945945945946,0.0,-0.2519780613850316,-0.9677329469331778,6.283185307179586,0.0,0.0
19.48948948948949,0.0,-0.06599149362658896,-0.9978201855886972,6.283185307179586,0.0,0.0
19.51951951951952,0.0,0.12233752437842536,-0.9924885541548011,6.283185307179586,0.0,0.0
19.54954954954955,0.0,0.30632401960668904,-0.951927305528804,6.283185307179586,0.0,0.0
19.57957957957958,0.0,0.4794371622886561,-0.8775762117422783,6.283185307179586,0.0,0.0
19.60960960960961,0.0,0.6355320858441761,-0.7720744574598206,6.283185307179586,0.0,0.0
19.63963963963964,0.0,0.7690680065740625,-0.6391669588327626,6.283185307179586,0.0,0.0
19.66966966966967,0.0,0.8753049006775209,-0.4835714330367734,6.283185307179586,0.0,0.0
19.6996996996997,0.0,0.9504717572997919,-0.31081093702565815,6.283185307179586,0.0,0.0
19.72972972972973,0.0,0.9919004352585413,-0.1270178197468277,6.283185307179586,0.0,0.0
19.75975975975976,0.0,0.9981203720378067,0.06128395322130287,6.283185307179586,0.0,0.0
19.78978978978979,0.0,0.9689107832358181,0.24741037595192505,6.283185307179586,0.0,0.0
19.81981981981982,0.0,0.9053084995822855,0.42475465928390893,6.283185307179586,0.0,0.0
19.84984984984985,0.0,0.8095711633404642,0.5870217470306233,6.283185307179586,0.0,0.0
19.87987987987988,0.0,0.6850970904835424,0.7284517668386163,6.283185307179586,0.0,0.0
19.90990990990991,0.0,0.5363046432371938,0.8440244840296648,6.283185307179586,0.0,0.0
19.93993993993994,0.0,0.3684753948101182,0.9296375010824606,6.283185307179586,0.0,0.0
19.96996996996997,0.0,0.18756665337576717,0.982251877341412,6.283185307179586,0.0,0.0
20.0,0.0,-5.616167253474913e-15,0.999999999999656,6.283185307179586,0.0,0.0
20.03003003003003,0.0,-0.18756665337577805,0.9822518773414085,6.283185307179586,0.0,0.0
20.06006006006006,0.0,-0.3684753948101281,0.9296375010824542,6.283185307179586,0.0,0.0
20.09009009009009,0.0,-0.5363046432372021,0.8440244840296557,6.283185307179586,0.0,0.0
20.12012012012012,0.0,-0.6850970904835482,0.7284517668386048,6.283185307179586,0.0,0.0
20.15015015015015,0.0,-0.8095711633404669,0.58702174703061,6.283185307179586,0.0,0.0
20.18018018018018,0.0,-0.9053084995822852,0.4247546592838947,6.283185307179586,0.0,0.0
20.21021021021021,0.0,-0.9689107832358145,0.24741037595191023,6.283185307179586,0.0,0.0
20.24024024024024,0.0,-0.9981203720377994,0.06128395322128832,6.283185307179586,0.0,0.0
20.27027027027027,0.0,-0.9919004352585302,-0.12701781974684145,6.283185307179586,0.0,0.0
20.3003003003003,0.0,-0.9504717572997776,-0.3108109370256695,6.283185307179586,0.0,0.0
20.33033033033033,0.0,-0.8753049006775037,-0.48357143303678163,6.283185307179586,0.0,0.0
20.36036036036036,0.0,-0.769068006574043,-0.639166958832767,6.283185307179586,0.0,0.0
20.39039039039039,0.0,-0.6355320858441559,-0.7720744574598203,6.283185307179586,0.0,0.0
20.42042042042042,0.0,-0.47943716228863537,-0.8775762117422731,6.283185307179586,0.0,0.0
20.45045045045045,0.0,-0.30632401960666916,-0.951927305528794,6.283185307179586,0.0,0.0
20.48048048048048,0.0,-0.12233752437840742,-0.9924885541547865,6.283185307179586,0.0,0.0
20.51051051051051,0.0,0.06599149362660381,-0.9978201855886787,6.283185307179586,0.0,0.0
20.54054054054054,0.0,0.25197806138504236,-0.9677329469331556,6.283185307179586,0.0,0.0
20.57057057057057,0.0,0.4290203540621802,-0.9032948221924302,6.283185307179586,0.0,0.0
20.6006006006006,0.0,0.5908340350057537,-0.8067931228500348,6.283185307179586,0.0,0.0
20.63063063063063,0.0,0.7316753261014228,-0.6816532968992868,6.283185307179586,0.0,0.0
20.66066066066066,0.0,0.8465448903297629,-0.5323173383009983,6.283185307179586,0.0,0.0
20.69069069069069,0.0,0.9313652894595247,-0.3640861128761495,6.283185307179586,0.0,0.0
20.72072072072072,0.0,0.9831257177953552,-0.18293119747231668,6.283185307179586,0.0,0.0
20.75075075075075,0.0,0.9999888744753573,0.00471708859303499,6.283185307179586,0.0,0.0
20.78078078078078,0.0,0.981356180753208,0.19219793572450844,6.283185307179586,0.0,0.0
20.81081081081081,0.0,0.9278890272961756,0.37285647778017883,6.283185307179586,0.0,0.0
20.84084084084084,0.0,0.8414852972997462,0.5402800148327164,6.283185307179586,0.0,0.0
20.87087087087087,0.0,0.7252119987601342,0.6885256399391476,6.283185307179586,0.0,0.0
20.9009009009009,0.0,0.5831963972060608,0.8123311900235957,6.283185307179586,0.0,0.0
20.93093093093093,0.0,0.4204795132690599,0.907302032908719,6.283185307179586,0.0,0.0
20.96096096096096,0.0,0.24283718537849647,0.9700670602575513,6.283185307179586,0.0,0.0
20.99099099099099,0.0,0.05657504918376883,0.9983983492620224,6.283185307179586,0.0,0.0
21.02102102102102,0.0,-0.13169528883557896,0.9912902455374962,6.283185307179586,0.0,0.0
21.05105105105105,0.0,-0.3152909385753911,0.9489950600775137,6.283185307179586,0.0,0.0
21.08108108108108,0.0,-0.48769494381346035,0.8730141131608693,6.283185307179586,0.0,0.0
21.11111111111111,0.0,-0.6427876096863082,0.7660444431186971,6.283185307179586,0.0,0.0
21.14114114114114,0.0,-0.7750637288793217,0.6318830716002389,6.283185307179586,0.0,0.0
21.17117117117117,0.0,-0.8798279958161105,0.47529222356091294,6.283185307179586,0.0,0.0
21.2012012012012,0.0,-0.9533616723770827,0.30183028615704244,6.283185307179586,0.0,0.0
21.23123123123123,0.0,-0.993054589140005,0.11765450687179085,6.283185307179586,0.0,0.0
21.26126126126126,0.0,-0.9974977965941337,-0.07069756565197372,6.283185307179586,0.0,0.0
21.29129129129129,0.0,-0.9665335775576853,-0.256540140042076,6.283185307179586,0.0,0.0
21.32132132132132,0.0,-0.9012610455456115,-0.433276502687714,6.283185307179586,0.0,0.0
21.35135135135135,0.0,-0.8039971303666416,-0.5946331763040724,6.283185307179586,0.0,0.0
21.38138138138138,0.0,-0.6781943358144126,-0.7348826048210093,6.283185307179586,0.0,0.0
21.41141141141141,0.0,-0.528318188745852,-0.8490464601183881,6.283185307179586,0.0,0.0
21.44144144144144,0.0,-0.359688729644398,-0.9330723539822949,6.283185307179586,0.0,0.0
21.47147147147147,0.0,-0.17829167115790479,-0.983977682671199,6.283185307179586,0.0,0.0
21.5015015015015,0.0,0.009434072225898473,-0.9999554981500414,6.283185307179586,0.0,0.0
21.53153153153153,0.0,0.1968249414676375,-0.9804386479609631,6.283185307179586,0.0,0.0
21.56156156156156,0.0,0.37722926430263465,-0.9261199070060815,6.283185307179586,0.0,0.0
21.59159159159159,0.0,0.5442433646313809,-0.838927386639614,6.283185307179586,0.0,0.0
21.62162162162162,0.0,0.6919388689772925,-0.7219560939542536,6.283185307179586,0.0,0.0
21.65165165165165,0.0,0.8150731414859619,-0.5793580706501482,6.283185307179586,0.0,0.0
21.68168168168168,0.0,0.9092753778135517,-0.41619501114414925,6.283185307179586,0.0,0.0
21.71171171171171,0.0,0.9712017522700153,-0.23825859142307265,6.283185307179586,0.0,0.0
21.74174174174174,0.0,0.998654111076084,-0.05186488629207825,6.283185307179586,0.0,0.0
21.77177177177177,0.0,0.9906579985690612,0.13636982756605182,6.283185307179586,0.0,0.0
21.8018018018018,0.0,0.9474972467200744,0.3197639245711285,6.283185307179586,0.0,0.0
21.83183183183183,0.0,0.8707039001647999,0.49180760286625974,6.283185307179586,0.0,0.0
21.86186186186186,0.0,0.7630038343712394,0.6463939578415283,6.283185307179586,0.0,0.0
21.89189189189189,0.0,0.6282199972954043,0.7780357543181488,6.283185307179586,0.0,0.0
21.92192192192192,0.0,0.47113670908283867,0.8820602027944807,6.283185307179586,0.0,0.0
21.95195195195195,0.0,0.2973298366670584,0.9547748259284946,6.283185307179586,0.0,0.0
21.98198198198198,0.0,0.11296887142902827,0.9935985276193287,6.283185307179586,0.0,0.0
22.01201201201201,0.0,-0.07540206458237507,0.99715321222767,6.283185307179586,0.0,0.0
22.04204204204204,0.0,-0.2610965104119915,0.9653127017966379,6.283185307179586,0.0,0.0
22.07207207207207,0.0,-0.43752301045674086,0.8992072148954954,6.283185307179586,0.0,0.0
22.1021021021021,0.0,-0.598419086390702,0.8011832481040525,6.283185307179586,0.0,0.0
22.13213213213213,0.0,-0.7380735316320606,0.6747202841944349,6.283185307179586,0.0,0.0
22.16216216216216,0.0,-0.8515291377329891,0.5243072835570303,6.283185307179586,0.0,0.0
22.19219219219219,0.0,-0.934758656666796,0.3552833429612558,6.283185307179586,0.0,0.0
22.22222222222222,0.0,-0.9848077530118332,0.17364817766686075,6.283185307179586,0.0,0.0
22.25225225225225,0.0,-0.9998998717663673,-0.014150845940760381,6.283185307179586,0.0,0.0
22.28228228228228,0.0,-0.9794992993807413,-0.20144756764943178,6.283185307179586,0.0,0.0
22.31231231231231,0.0,-0.9243301795769534,-0.381593657078406,6.283185307179586,0.0,0.0
22.34234234234234,0.0,-0.8363508089654539,-0.548194604444503,6.283185307179586,0.0,0.0
22.37237237237237,0.0,-0.7186841248682603,-0.695336701650054,6.283185307179586,0.0,0.0
22.4024024024024,0.0,-0.5755068527696662,-0.817796956716266,6.283185307179586,0.0,0.0
22.43243243243243,0.0,-0.4119012482438311,-0.9112284903877871,6.283185307179586,0.0,0.0
22.46246246246246,0.0,-0.23367469596415927,-0.9723148340251155,6.283185307179586,0.0,0.0
22.49249249249249,0.0,-0.04715356935228442,-0.9988876517890127,6.283185307179586,0.0,0.0
22.52252252252252,0.0,0.14104133192486767,-0.9900037084213812,6.283185307179586,0.0,0.0
22.55255255255255,0.0,0.3242297954842482,-0.945978350555376,6.283185307179586,0.0,0.0
22.58258258258258,0.0,0.4959093186841996,-0.8683743130939556,6.283185307179586,0.0,0.0
22.61261261261261,0.0,0.6499859230533962,-0.7599462479884017,6.283185307179586,0.0,0.0
22.64264264264264,0.0,0.7809904676456156,-0.6245429444368953,6.283185307179586,0.0,0.0
22.67267267267267,0.0,0.8842727830084346,-0.4669707113189657,6.283185307179586,0.0,0.0
22.7027027027027,0.0,0.9561667347388791,-0.2928227712764355,6.283185307179586,0.0,0.0
22.73273273273273,0.0,0.9941203574895521,-0.10828072231041913,6.283185307179586,0.0,0.0
22.762762762762762,0.0,0.9967864401566453,0.08010488573777613,6.283185307179586,0.0,0.0
22.792792792792792,0.0,0.9640703468157739,0.2656470711107729,6.283185307179586,0.0,0.0
22.822822822822822,0.0,0.8971333759419633,0.44175978288001033,6.283185307179586,0.0,0.0
22.852852852852852,0.0,0.7983515386740934,0.6021916810251737,6.283185307179586,0.0,0.0
22.882882882882882,0.0,0.6712312193406396,0.7412480355331093,6.283185307179586,0.0,0.0
22.912912912912912,0.0,0.520284711981375,0.8539928679313852,6.283185307179586,0.0,0.0
22.942942942942942,0.0,0.35087005085119305,0.9364241599910241,6.283185307179586,0.0,0.0
22.972972972972972,0.0,0.16900082032178312,0.9856159103473207,6.283185307179586,0.0,0.0
23.003003003003002,0.0,-0.018867304784459037,0.9998219965620795,6.283185307179586,0.0,0.0
23.033033033033032,0.0,-0.2060657114116108,0.9785381559140343,6.283185307179586,0.0,0.0
23.063063063063062,0.0,-0.38594955899517597,0.9225198848321049,6.283185307179586,0.0,0.0
23.093093093093092,0.0,-0.5521336463528519,0.8337556216088223,6.283185307179586,0.0,0.0
23.123123123123122,0.0,-0.698719062352091,0.7153961643068989,6.283185307179586,0.0,0.0
23.153153153153152,0.0,-0.8205025751067626,0.5716428292582519,6.283185307179586,0.0,0.0
23.183183183183182,0.0,-0.9131613271726213,0.407598320108834,6.283185307179586,0.0,0.0
23.213213213213212,0.0,-0.9734062807556163,0.22908560099823821,6.283185307179586,0.0,0.0
23.243243243243242,0.0,-0.9990989662042843,0.04244120319613065,6.283185307179586,0.0,0.0
23.273273273273272,0.0,-0.9893273896530995,-0.14570969796615452,6.283185307179586,0.0,0.0
23.303303303303302,0.0,-0.9444384053804519,-0.3286884519444392,6.283185307179586,0.0,0.0
23.333333333333332,0.0,-0.8660254037840923,-0.4999999999998018,6.283185307179586,0.0,0.0
23.363363363363362,0.0,-0.7568717520046885,-0.6535634253969194,6.283185307179586,0.0,0.0
23.393393393393392,0.0,-0.6208519948429942,-0.7839278031162533,6.283185307179586,0.0,0.0
23.423423423423422,0.0,-0.4627943229671124,-0.8864656872257445,6.283185307179586,0.0,0.0
23.453453453453452,0.0,-0.28830919027210494,-0.9575373678368075,6.283185307179586,0.0,0.0
23.483483483483482,0.0,-0.10359016383219663,-0.9946200671394159,6.283185307179586,0.0,0.0
23.513513513513512,0.0,0.08480592447547601,-0.9963974885421258,6.283185307179586,0.0,0.0
23.543543543543542,0.0,0.27019172088367405,-0.9628065402587966,6.283185307179586,0.0,0.0
23.573573573573572,0.0,0.4459867256848967,-0.8950395748301069,6.283185307179586,0.0,0.0
23.603603603603602,0.0,0.6059508762633038,-0.7955020650852689,6.283185307179586,0.0,0.0
23.633633633633632,0.0,0.7444060458881181,-0.6677272188883787,6.283185307179586,0.0,0.0
23.663663663663662,0.0,0.8564375958929994,-0.5162505635253203,6.283185307179586,0.0,0.0
23.693693693693692,0.0,0.9380688268957862,-0.3464489515145841,6.283185307179586,0.0,0.0
23.723723723723722,0.0,0.9864021366953147,-0.16434970253124065,6.283185307179586,0.0,0.0
23.753753753753752,0.0,0.9997218742699833,0.02358334381084587,6.283185307179586,0.0,0.0
23.783783783783782,0.0,0.9775552389472897,0.21067926999563907,6.283185307179586,0.0,0.0
23.813813813813812,0.0,0.9206890630524894,0.39029687312956507,6.283185307179586,0.0,0.0
23.843843843843842,0.0,0.8311418823153565,0.5560604027086198,6.283185307179586,0.0,0.0
23.873873873873872,0.0,0.7120922854307369,0.7020858758223354,6.283185307179586,0.0,0.0
23.903903903903903,0.0,0.5677660860944781,0.8231899364546087,6.283185307179586,0.0,0.0
23.933933933933933,0.0,0.4032863224838187,0.9150738451604117,6.283185307179586,0.0,0.0
23.963963963963963,0.0,0.22449140863748313,0.9744760681756848,6.283185307179586,0.0,0.0
23.993993993993993,0.0,0.03772789267870401,0.9992880496199317,6.283185307179586,0.0,0.0
24.024024024024023,0.0,-0.15037482181387293,0.9886290573130184,6.283185307179586,0.0,0.0
24.054054054054053,0.0,-0.33313979474191907,0.9428774454606986,6.283185307179586,0.0,0.0
24.084084084084083,0.0,-0.5040795557911161,0.8636572245009072,6.283185307179586,0.0,0.0
24.114114114114113,0.0,-0.6571263852689172,0.7537804148308607,6.283185307179586,0.0,0.0
24.144144144144143,0.0,-0.7868476953712654,0.617147230641202,6.283185307179586,0.0,0.0
24.174174174174173,0.0,-0.8886388666519891,0.45860763695630263,6.283185307179586,0.0,0.0
24.204204204204203,0.0,-0.958886694724254,0.28378919408598074,6.283185307179586,0.0,0.0
24.234234234234233,0.0,-0.9950976454498551,0.09889730036420957,6.283185307179586,0.0,0.0
24.264264264264263,0.0,-0.9959863660386926,-0.08950507619242937,6.283185307179586,0.0,0.0
24.294294294294293,0.0,-0.9615213102467275,-0.274730358607469,6.283185307179586,0.0,0.0
24.324324324324323,0.0,-0.892925858149198,-0.450203744817487,6.283185307179586,0.0,0.0
24.354354354354353,0.0,-0.7926348907413554,-0.6096965884590541,6.283185307179586,0.0,0.0
24.384384384384383,0.0,-0.6642083608053375,-0.7475474924280431,6.283185307179586,0.0,0.0
24.414414414414413,0.0,-0.5122049279529007,-0.8588632672200689,6.283185307179586,0.0,0.0
24.444444444444443,0.0,-0.34202014332552577,-0.9396926207855172,6.283185307179586,0.0,0.0
24.474474474474473,0.0,-0.15969492778748243,-0.9871664145614544,6.283185307179586,0.0,0.0
24.504504504504503,0.0,0.028298858083106518,-0.9995995071179046,6.283185307179586,0.0,0.0
24.534534534534533,0.0,0.21528814074500044,-0.9765505703514415,6.283185307179586,0.0,0.0
24.564564564564563,0.0,0.3946355027492755,-0.918837754975812,6.283185307179586,0.0,0.0
24.594594594594593,0.0,0.5599747861373605,-0.8285096492434955,6.283185307179586,0.0,0.0
24.624624624624623,0.0,0.7054370671456566,-0.7087725617545415,6.283185307179586,0.0,0.0
24.654654654654653,0.0,0.8258589809631958,-0.5638767095399421,6.283185307179586,0.0,0.0
24.684684684684683,0.0,0.9169660017956273,-0.3989653513152498,6.283185307179586,0.0,0.0
24.714714714714713,0.0,0.9755241724814279,-0.21989222110748669,6.283185307179586,0.0,0.0
24.744744744744743,0.0,0.9994548978286485,-0.03301374267610141,6.283185307179586,0.0,0.0
24.774774774774773,0.0,0.9879087269397621,0.15503659966413047,6.283185307179586,0.0,0.0
24.804804804804803,0.0,0.9412955055291068,0.3375837248296474,6.283185307179586,0.0,0.0
24.834834834834833,0.0,0.8612698279388681,0.5081478952837521,6.283185307179586,0.0,0.0
24.864864864864863,0.0,0.7506723052524085,0.6606747233897997,6.283185307179586,0.0,0.0
24.894894894894893,0.0,0.6134287342664042,0.7897500794399894,6.283185307179586,0.0,0.0
24.924924924924923,0.0,0.4544107464446873,0.8907922729316486,6.283185307179586,0.0,0.0
24.954954954954953,0.0,0.27926288329271454,0.9602146853772804,6.283185307179586,0.0,0.0
24.984984984984983,0.0,0.09420223632758941,0.9955530817942508,6.283185307179586,0.0,0.0
25.015015015015013,0.0,-0.09420223632758283,0.9955530817942506,6.283185307179586,0.0,0.0
25.045045045045043,0.0,-0.27926288329270776,0.9602146853772806,6.283185307179586,0.0,0.0
25.075075075075073,0.0,-0.45441074644468027,0.8907922729316494,6.283185307179586,0.0,0.0
25.105105105105103,0.0,-0.6134287342663968,0.7897500794399903,6.283185307179586,0.0,0.0
25.135135135135133,0.0,-0.7506723052524009,0.6606747233898007,6.283185307179586,0.0,0.0
25.165165165165163,0.0,-0.8612698279388602,0.5081478952837539,6.283185307179586,0.0,0.0
25.195195195195193,0.0,-0.9412955055290986,0.3375837248296498,6.283185307179586,0.0,0.0
25.225225225225223,0.0,-0.9879087269397536,0.15503659966413336,6.283185307179586,0.0,0.0
25.255255255255253,0.0,-0.99945489782864,-0.03301374267609769,6.283185307179586,0.0,0.0
25.285285285285283,0.0,-0.9755241724814193,-0.21989222110748174,6.283185307179586,0.0,0.0
25.315315315315313,0.0,-0.9169660017956192,-0.39896535131524347,6.283185307179586,0.0,0.0
25.345345345345343,0.0,-0.8258589809631879,-0.5638767095399343,6.283185307179586,0.0,0.0
25.375375375375373,0.0,-0.7054370671456494,-0.7087725617545318,6.283185307179586,0.0,0.0
25.405405405405403,0.0,-0.5599747861373543,-0.8285096492434836,6.283185307179586,0.0,0.0
25.435435435435434,0.0,-0.3946355027492711,-0.9188377549757983,6.283185307179586,0.0,0.0
25.465465465465464,0.0,-0.21528814074499822,-0.9765505703514261,6.283185307179586,0.0,0.0
25.495495495495494,0.0,-0.028298858083107153,-0.9995995071178881,6.283185307179586,0.0,0.0
25.525525525525524,0.0,0.15969492778747854,-0.9871664145614376,6.283185307179586,0.0,0.0
25.555555555555554,0.0,0.3420201433255184,-0.9396926207855008,6.283185307179586,0.0,0.0
25.585585585585584,0.0,0.5122049279528896,-0.8588632672200536,6.283185307179586,0.0,0.0
25.615615615615614,0.0,0.6642083608053229,-0.7475474924280294,6.283185307179586,0.0,0.0
25.645645645645647,0.0,0.792634890741351,-0.6096965884590254,6.283185307179586,0.0,0.0
25.675675675675677,0.0,0.8929258581491873,-0.45020374481745945,6.283185307179586,0.0,0.0
25.705705705705707,0.0,0.9615213102467105,-0.27473035860744405,6.283185307179586,0.0,0.0
25.735735735735737,0.0,0.9959863660386702,-0.08950507619240833,6.283185307179586,0.0,0.0
25.765765765765767,0.0,0.9950976454498284,0.09889730036422562,6.283185307179586,0.0,0.0
25.795795795795797,0.0,0.9588866947242239,0.28378919408599035,6.283185307179586,0.0,0.0
25.825825825825827,0.0,0.8886388666519576,0.458607636956306,6.283185307179586,0.0,0.0
25.855855855855857,0.0,0.7868476953712332,0.6171472306411985,6.283185307179586,0.0,0.0
25.885885885885887,0.0,0.6571263852688861,0.7537804148308501,6.283185307179586,0.0,0.0
25.915915915915917,0.0,0.5040795557910874,0.8636572245008902,6.283185307179586,0.0,0.0
25.945945945945947,0.0,0.3331397947418938,0.9428774454606751,6.283185307179586,0.0,0.0
25.975975975975977,0.0,0.15037482181385264,0.9886290573129894,6.283185307179586,0.0,0.0
26.006006006006007,0.0,-0.037727892678718455,0.9992880496198984,6.283185307179586,0.0,0.0
26.036036036036037,0.0,-0.22449140863749087,0.9744760681756486,6.283185307179586,0.0,0.0
26.066066066066067,0.0,-0.40328632248381935,0.9150738451603738,6.283185307179586,0.0,0.0
26.096096096096097,0.0,-0.5677660860944715,0.8231899364545704,6.283185307179586,0.0,0.0
26.126126126126128,0.0,-0.7120922854307229,0.7020858758222982,6.283185307179586,0.0,0.0
26.156156156156158,0.0,-0.831141882315335,0.5560604027085851,6.283185307179586,0.0,0.0
26.186186186186188,0.0,-0.9206890630524616,0.39029687312953487,6.283185307179586,0.0,0.0
26.216216216216218,0.0,-0.9775552389472556,0.21067926999561415,6.283185307179586,0.0,0.0
26.246246246246248,0.0,-0.9997218742699444,0.023583343810827218,6.283185307179586,0.0,0.0
26.276276276276278,0.0,-0.986402136695272,-0.16434970253125203,6.283185307179586,0.0,0.0
26.306306306306308,0.0,-0.9380688268957406,-0.3464489515145875,6.283185307179586,0.0,0.0
26.336336336336338,0.0,-0.8564375958929532,-0.5162505635253154,6.283185307179586,0.0,0.0
26.366366366366368,0.0,-0.7444060458880729,-0.6677272188883648,6.283185307179586,0.0,0.0
26.396396396396398,0.0,-0.6059508762632613,-0.795502065085246,6.283185307179586,0.0,0.0
26.426426426426428,0.0,-0.4459867256848586,-0.8950395748300761,6.283185307179586,0.0,0.0
26.456456456456458,0.0,-0.27019172088364213,-0.962806540258758,6.283185307179586,0.0,0.0
26.486486486486488,0.0,-0.0848059244754518,-0.9963974885420811,6.283185307179586,0.0,0.0
26.516516516516518,0.0,0.10359016383221185,-0.9946200671393658,6.283185307179586,0.0,0.0
26.546546546546548,0.0,0.2883091902721103,-0.9575373678367547,6.283185307179586,0.0,0.0
26.576576576576578,0.0,0.46279432296710704,-0.886465687225691,6.283185307179586,0.0,0.0
26.606606606606608,0.0,0.620851994842978,-0.7839278031162011,6.283185307179586,0.0,0.0
26.636636636636638,0.0,0.7568717520046618,-0.6535634253968712,6.283185307179586,0.0,0.0
26.666666666666668,0.0,0.8660254037840561,-0.4999999999997593,6.283185307179586,0.0,0.0
26.696696696696698,0.0,0.9444384053804075,-0.32868845194440394,6.283185307179586,0.0,0.0
26.726726726726728,0.0,0.989327389653048,-0.14570969796612848,6.283185307179586,0.0,0.0
26.756756756756758,0.0,0.9990989662042281,0.042441203196145916,6.283185307179586,0.0,0.0
26.786786786786788,0.0,0.9734062807555574,0.22908560099824216,6.283185307179586,0.0,0.0
26.816816816816818,0.0,0.9131613271725618,0.4075983201088259,6.283185307179586,0.0,0.0
26.846846846846848,0.0,0.8205025751067051,0.5716428292582321,6.283185307179586,0.0,0.0
26.876876876876878,0.0,0.6987190623520381,0.7153961643068674,6.283185307179586,0.0,0.0
26.906906906906908,0.0,0.5521336463528056,0.8337556216087804,6.283185307179586,0.0,0.0
26.936936936936938,0.0,0.3859495589951382,0.9225198848320539,6.283185307179586,0.0,0.0
26.966966966966968,0.0,0.20606571141158325,0.9785381559139757,6.283185307179586,0.0,0.0
26.996996996996998,0.0,0.01886730478444299,0.9998219965620161,6.283185307179586,0.0,0.0
27.027027027027028,0.0,-0.1690008203217869,0.9856159103472547,6.283185307179586,0.0,0.0
27.057057057057058,0.0,-0.3508700508511842,0.9364241599909577,6.283185307179586,0.0,0.0
27.087087087087088,0.0,-0.5202847119813538,0.8539928679313211,6.283185307179586,0.0,0.0
27.117117117117118,0.0,-0.6712312193406066,0.7412480355330491,6.283185307179586,0.0,0.0
27.147147147147148,0.0,-0.7983515386740486,0.6021916810251196,6.283185307179586,0.0,0.0
27.177177177177178,0.0,-0.8971333759419083,0.4417597828799649,6.283185307179586,0.0,0.0
27.207207207207208,0.0,-0.9640703468157107,0.2656470711107375,6.283185307179586,0.0,0.0
27.237237237237238,0.0,-0.9967864401565758,0.08010488573775293,6.283185307179586,0.0,0.0
27.26726726726727,0.0,-0.9941203574894785,-0.10828072231042946,6.283185307179586,0.0,0.0
27.2972972972973,0.0,-0.9561667347388034,-0.29282277127643264,6.283185307179586,0.0,0.0
27.32732732732733,0.0,-0.88427278300836,-0.4669707113189479,6.283185307179586,0.0,0.0
27.35735735735736,0.0,-0.7809904676455441,-0.6245429444368641,6.283185307179586,0.0,0.0
27.38738738738739,0.0,-0.649985923053331,-0.7599462479883572,6.283185307179586,0.0,0.0
27.41741741741742,0.0,-0.49590931868414306,-0.8683743130938986,6.283185307179586,0.0,0.0
27.44744744744745,0.0,-0.3242297954842026,-0.9459783505553085,6.283185307179586,0.0,0.0
27.47747747747748,0.0,-0.14104133192483545,-0.9900037084213056,6.283185307179586,0.0,0.0
27.50750750750751,0.0,0.04715356935230186,-0.9988876517889316,6.283185307179586,0.0,0.0
27.53753753753754,0.0,0.23367469596416085,-0.9723148340250315,6.283185307179586,0.0,0.0
27.56756756756757,0.0,0.4119012482438164,-0.9112284903877035,6.283185307179586,0.0,0.0
27.5975975975976,0.0,0.5755068527696352,-0.8177969567161862,6.283185307179586,0.0,0.0
27.62762762762763,0.0,0.7186841248682139,-0.6953367016499808,6.283185307179586,0.0,0.0
27.65765765765766,0.0,0.8363508089653937,-0.5481946044444397,6.283185307179586,0.0,0.0
27.68768768768769,0.0,0.9243301795768816,-0.38159365707835474,6.283185307179586,0.0,0.0
27.71771771771772,0.0,0.9794992993806602,-0.20144756764939503,6.283185307179586,0.0,0.0
27.74774774774775,0.0,0.9998998717662799,-0.014150845940740009,6.283185307179586,0.0,0.0
27.77777777777778,0.0,0.9848077530117426,0.17364817766686386,6.283185307179586,0.0,0.0
27.80780780780781,0.0,0.9347586566667058,0.3552833429612405,6.283185307179586,0.0,0.0
27.83783783783784,0.0,0.8515291377329026,0.5243072835569973,6.283185307179586,0.0,0.0
27.86786786786787,0.0,0.7380735316319812,0.6747202841943848,6.283185307179586,0.0,0.0
27.8978978978979,0.0,0.5984190863906329,0.8011832481039871,6.283185307179586,0.0,0.0
27.92792792792793,0.0,0.4375230104566849,0.8992072148954169,6.283185307179586,0.0,0.0
27.95795795795796,0.0,0.26109651041195137,0.9653127017965493,6.283185307179586,0.0,0.0
27.98798798798799,0.0,0.07540206458235238,0.9971532122275742,6.283185307179586,0.0,0.0
28.01801801801802,0.0,-0.11296887142903247,0.9935985276192292,6.283185307179586,0.0,0.0
28.04804804804805,0.0,-0.29732983666704377,0.9547748259283951,6.283185307179586,0.0,0.0
28.07807807807808,0.0,-0.47113670908280547,0.8820602027943846,6.283185307179586,0.0,0.0
28.10810810810811,0.0,-0.6282199972953535,0.7780357543180596,6.283185307179586,0.0,0.0
28.13813813813814,0.0,-0.7630038343711719,0.6463939578414498,6.283185307179586,0.0,0.0
28.16816816816817,0.0,-0.8707039001647179,0.49180760286619407,6.283185307179586,0.0,0.0
28.1981981981982,0.0,-0.9474972467199805,0.31976392457107844,6.283185307179586,0.0,0.0
28.22822822822823,0.0,-0.9906579985689584,0.13636982756602023,6.283185307179586,0.0,0.0
28.25825825825826,0.0,-0.9986541110759761,-0.05186488629209074,6.283185307179586,0.0,0.0
28.28828828828829,0.0,-0.9712017522699058,-0.23825859142306477,6.283185307179586,0.0,0.0
28.31831831831832,0.0,-0.9092753778134446,-0.416195011144121,6.283185307179586,0.0,0.0
28.34834834834835,0.0,-0.8150731414858609,-0.5793580706501,6.283185307179586,0.0,0.0
28.37837837837838,0.0,-0.6919388689772016,-0.7219560939541866,6.283185307179586,0.0,0.0
28.40840840840841,0.0,-0.5442433646313036,-0.8389273866395303,6.283185307179586,0.0,0.0
28.43843843843844,0.0,-0.37722926430257364,-0.9261199070059837,6.283185307179586,0.0,0.0
28.46846846846847,0.0,-0.19682494146759585,-0.9804386479608548,6.283185307179586,0.0,0.0
28.4984984984985,0.0,-0.009434072225877794,-0.9999554981499268,6.283185307179586,0.0,0.0
28.52852852852853,0.0,0.17829167115790343,-0.9839776826710818,6.283185307179586,0.0,0.0
28.55855855855856,0.0,0.35968872964437415,-0.9330723539821795,6.283185307179586,0.0,0.0
28.58858858858859,0.0,0.5283181887458064,-0.849046460118278,6.283185307179586,0.0,0.0
28.61861861861862,0.0,0.6781943358143464,-0.734882604820909,6.283185307179586,0.0,0.0
28.64864864864865,0.0,0.8039971303665565,-0.5946331763039862,6.283185307179586,0.0,0.0
28.67867867867868,0.0,0.9012610455455108,-0.43327650268764584,6.283185307179586,0.0,0.0
28.70870870870871,0.0,0.9665335775575729,-0.25654014004202774,6.283185307179586,0.0,0.0
28.73873873873874,0.0,0.9974977965940127,-0.07069756565194785,6.283185307179586,0.0,0.0
28.76876876876877,0.0,0.9930545891398802,0.1176545068717928,6.283185307179586,0.0,0.0
28.7987987987988,0.0,0.9533616723769585,0.30183028615702007,6.283185307179586,0.0,0.0
28.82882882882883,0.0,0.879827995815992,0.4752922235608667,6.283185307179586,0.0,0.0
28.85885885885886,0.0,0.7750637288792137,0.6318830716001703,6.283185307179586,0.0,0.0
28.88888888888889,0.0,0.6427876096862147,0.7660444431186086,6.283185307179586,0.0,0.0
28.91891891891892,0.0,0.48769494381338496,0.8730141131607637,6.283185307179586,0.0,0.0
28.94894894894895,0.0,0.3152909385753369,0.9489950600773944,6.283185307179586,0.0,0.0
28.97897897897898,0.0,0.131695288835548,0.9912902455373679,6.283185307179586,0.0,0.0
29.00900900900901,0.0,-0.05657504918377507,0.9983983492618894,6.283185307179586,0.0,0.0
29.03903903903904,0.0,-0.2428371853784775,0.9700670602574185,6.283185307179586,0.0,0.0
29.06906906906907,0.0,-0.4204795132690161,0.9073020329085908,6.283185307179586,0.0,0.0
29.0990990990991,0.0,-0.5831963972059935,0.8123311900234769,6.283185307179586,0.0,0.0
29.12912912912913,0.0,-0.7252119987600457,0.6885256399390425,6.283185307179586,0.0,0.0
29.15915915915916,0.0,-0.8414852972996391,0.540280014832629,6.283185307179586,0.0,0.0
29.18918918918919,0.0,-0.9278890272960532,0.37285647778011216,6.283185307179586,0.0,0.0
29.21921921921922,0.0,-0.9813561807530742,0.19219793572446509,6.283185307179586,0.0,0.0
29.24924924924925,0.0,-0.9999888744752168,0.004717088593017282,6.283185307179586,0.0,0.0
29.27927927927928,0.0,-0.9831257177952124,-0.18293119747230813,6.283185307179586,0.0,0.0
29.30930930930931,0.0,-0.9313652894593855,-0.36408611287611425,6.283185307179586,0.0,0.0
29.33933933933934,0.0,-0.8465448903296314,-0.5323173383009372,6.283185307179586,0.0,0.0
29.36936936936937,0.0,-0.7316753261013045,-0.6816532968992016,6.283185307179586,0.0,0.0
29.3993993993994,0.0,-0.5908340350056527,-0.8067931228499283,6.283185307179586,0.0,0.0
29.42942942942943,0.0,-0.4290203540621006,-0.9032948221923058,6.283185307179586,0.0,0.0
29.45945945945946,0.0,-0.2519780613849872,-0.9677329469330171,6.283185307179586,0.0,0.0
29.48948948948949,0.0,-0.06599149362657537,-0.9978201855885315,6.283185307179586,0.0,0.0
29.51951951951952,0.0,0.12233752437840766,-0.9924885541546359,6.283185307179586,0.0,0.0
29.54954954954955,0.0,0.3063240196066407,-0.951927305528645,6.283185307179586,0.0,0.0
29.57957957957958,0.0,0.4794371622885788,-0.8775762117421311,6.283185307179586,0.0,0.0
29.60960960960961,0.0,0.635532085844073,-0.7720744574596906,6.283185307179586,0.0,0.0
29.63963963963964,0.0,0.7690680065739363,-0.6391669588326543,6.283185307179586,0.0,0.0
29.66966966966967,0.0,0.8753049006773768,-0.48357143303669137,6.283185307179586,0.0,0.0
29.6996996996997,0.0,0.9504717572996347,-0.3108109370256046,6.283185307179586,0.0,0.0
29.72972972972973,0.0,0.9919004352583767,-0.12701781974680476,6.283185307179586,0.0,0.0
29.75975975975976,0.0,0.9981203720376404,0.06128395322129476,6.283185307179586,0.0,0.0
29.78978978978979,0.0,0.9689107832356562,0.24741037595188592,6.283185307179586,0.0,0.0
29.81981981981982,0.0,0.9053084995821334,0.4247546592838405,6.283185307179586,0.0,0.0
29.84984984984985,0.0,0.8095711633403272,0.5870217470305273,6.283185307179586,0.0,0.0
29.87987987987988,0.0,0.6850970904834259,0.7284517668384957,6.283185307179586,0.0,0.0
29.90990990990991,0.0,0.5363046432371024,0.8440244840295242,6.283185307179586,0.0,0.0
29.93993993993994,0.0,0.3684753948100546,0.9296375010823055,6.283185307179586,0.0,0.0
29.96996996996997,0.0,0.18756665337573367,0.982251877341248,6.283185307179586,0.0,0.0
30.0,0.0,-7.739468788070525e-15,0.9999999999994889,6.283185307179586,0.0,0.0
