Time,Sx,Sy,Sz,Hx,Hy,Hz
0,0,0,1,0,0,0.251327412
0.00666889,7.02E-06,-0.008380252,0.999964885,1.256637061,0,0.251327412
0.013337779,2.81E-05,-0.016759912,0.999859542,1.256637061,0,0.251327412
0.020006669,6.32E-05,-0.025138347,0.99968398,1.256637061,0,0.251327412
0.026675559,0.000112358,-0.033514947,0.99943821,1.256637061,0,0.251327412
0.033344448,0.00017555,-0.041889099,0.999122251,1.256637061,0,0.251327412
0.040013338,0.000252775,-0.050260191,0.998736126,1.256637061,0,0.251327412
0.046682227,0.000344027,-0.058627612,0.998279863,1.256637061,0,0.251327412
0.053351117,0.000449301,-0.066990751,0.997753495,1.256637061,0,0.251327412
0.060020007,0.000568588,-0.075348997,0.997157062,1.256637061,0,0.251327412
0.066688896,0.000701879,-0.083701739,0.996490605,1.256637061,0,0.251327412
0.073357786,0.000849165,-0.092048368,0.995754175,1.256637061,0,0.251327412
0.080026676,0.001010435,-0.100388274,0.994947824,1.256637061,0,0.251327412
0.086695565,0.001185677,-0.108720848,0.994071613,1.256637061,0,0.251327412
0.093364455,0.001374879,-0.11704548,0.993125604,1.256637061,0,0.251327412
0.100033344,0.001578027,-0.125361564,0.992109867,1.256637061,0,0.251327412
0.106702234,0.001795105,-0.133668491,0.991024476,1.256637061,0,0.251327412
0.113371124,0.002026098,-0.141965656,0.98986951,1.256637061,0,0.251327412
0.120040013,0.002270989,-0.150252451,0.988645054,1.256637061,0,0.251327412
0.126708903,0.00252976,-0.158528272,0.987351198,1.256637061,0,0.251327412
0.133377793,0.002802393,-0.166792514,0.985988034,1.256637061,0,0.251327412
0.140046682,0.003088867,-0.175044573,0.984555664,1.256637061,0,0.251327412
0.146715572,0.003389162,-0.183283848,0.983054192,1.256637061,0,0.251327412
0.153384461,0.003703255,-0.191509735,0.981483727,1.256637061,0,0.251327412
0.160053351,0.004031123,-0.199721635,0.979844385,1.256637061,0,0.251327412
0.166722241,0.004372743,-0.207918947,0.978136284,1.256637061,0,0.251327412
0.17339113,0.00472809,-0.216101073,0.97635955,1.256637061,0,0.251327412
0.18006002,0.005097137,-0.224267415,0.974514313,1.256637061,0,0.251327412
0.18672891,0.005479859,-0.232417377,0.972600706,1.256637061,0,0.251327412
0.193397799,0.005876226,-0.240550363,0.970618871,1.256637061,0,0.251327412
0.200066689,0.00628621,-0.248665779,0.968568952,1.256637061,0,0.251327412
0.206735579,0.00670978,-0.256763033,0.966451098,1.256637061,0,0.251327412
0.213404468,0.007146907,-0.264841533,0.964265464,1.256637061,0,0.251327412
0.220073358,0.007597558,-0.272900689,0.962012209,1.256637061,0,0.251327412
0.226742247,0.0080617,-0.280939913,0.9596915,1.256637061,0,0.251327412
0.233411137,0.008539299,-0.288958617,0.957303504,1.256637061,0,0.251327412
0.240080027,0.009030321,-0.296956215,0.954848396,1.256637061,0,0.251327412
0.246748916,0.009534729,-0.304932124,0.952326356,1.256637061,0,0.251327412
0.253417806,0.010052486,-0.312885761,0.949737568,1.256637061,0,0.251327412
0.260086696,0.010583556,-0.320816545,0.947082221,1.256637061,0,0.251327412
0.266755585,0.011127898,-0.328723897,0.944360508,1.256637061,0,0.251327412
0.273424475,0.011685474,-0.336607239,0.941572629,1.256637061,0,0.251327412
0.280093364,0.012256242,-0.344465995,0.938718788,1.256637061,0,0.251327412
0.286762254,0.012840162,-0.352299592,0.935799192,1.256637061,0,0.251327412
0.293431144,0.013437189,-0.360107457,0.932814055,1.256637061,0,0.251327412
0.300100033,0.014047281,-0.36788902,0.929763595,1.256637061,0,0.251327412
0.306768923,0.014670393,-0.375643712,0.926648035,1.256637061,0,0.251327412
0.313437813,0.01530648,-0.383370968,0.923467602,1.256637061,0,0.251327412
0.320106702,0.015955494,-0.391070222,0.920222529,1.256637061,0,0.251327412
0.326775592,0.016617389,-0.398740913,0.916913053,1.256637061,0,0.251327412
0.333444481,0.017292117,-0.40638248,0.913539415,1.256637061,0,0.251327412
0.340113371,0.017979628,-0.413994365,0.910101862,1.256637061,0,0.251327412
0.346782261,0.018679871,-0.421576013,0.906600644,1.256637061,0,0.251327412
0.35345115,0.019392796,-0.429126868,0.903036018,1.256637061,0,0.251327412
0.36012004,0.020118351,-0.436646381,0.899408245,1.256637061,0,0.251327412
0.36678893,0.020856482,-0.444134,0.895717588,1.256637061,0,0.251327412
0.373457819,0.021607137,-0.451589181,0.891964317,1.256637061,0,0.251327412
0.380126709,0.022370259,-0.459011378,0.888148707,1.256637061,0,0.251327412
0.386795599,0.023145793,-0.466400049,0.884271037,1.256637061,0,0.251327412
0.393464488,0.023933682,-0.473754654,0.880331589,1.256637061,0,0.251327412
0.400133378,0.02473387,-0.481074657,0.876330651,1.256637061,0,0.251327412
0.406802267,0.025546297,-0.488359522,0.872268516,1.256637061,0,0.251327412
0.413471157,0.026370904,-0.495608717,0.86814548,1.256637061,0,0.251327412
0.420140047,0.027207631,-0.502821714,0.863961845,1.256637061,0,0.251327412
0.426808936,0.028056417,-0.509997985,0.859717915,1.256637061,0,0.251327412
0.433477826,0.0289172,-0.517137005,0.855414001,1.256637061,0,0.251327412
0.440146716,0.029789916,-0.524238255,0.851050418,1.256637061,0,0.251327412
0.446815605,0.030674503,-0.531301214,0.846627483,1.256637061,0,0.251327412
0.453484495,0.031570896,-0.538325367,0.84214552,1.256637061,0,0.251327412
0.460153384,0.032479029,-0.545310202,0.837604857,1.256637061,0,0.251327412
0.466822274,0.033398835,-0.552255207,0.833005825,1.256637061,0,0.251327412
0.473491164,0.034330248,-0.559159876,0.82834876,1.256637061,0,0.251327412
0.480160053,0.0352732,-0.566023704,0.823634001,1.256637061,0,0.251327412
0.486828943,0.036227621,-0.57284619,0.818861895,1.256637061,0,0.251327412
0.493497833,0.037193442,-0.579626835,0.814032788,1.256637061,0,0.251327412
0.500166722,0.038170593,-0.586365145,0.809147034,1.256637061,0,0.251327412
0.506835612,0.039159002,-0.593060628,0.804204989,1.256637061,0,0.251327412
0.513504502,0.040158597,-0.599712793,0.799207015,1.256637061,0,0.251327412
0.520173391,0.041169305,-0.606321156,0.794153477,1.256637061,0,0.251327412
0.526842281,0.042191051,-0.612885233,0.789044743,1.256637061,0,0.251327412
0.53351117,0.043223763,-0.619404546,0.783881187,1.256637061,0,0.251327412
0.54018006,0.044267363,-0.625878617,0.778663186,1.256637061,0,0.251327412
0.54684895,0.045321776,-0.632306975,0.773391121,1.256637061,0,0.251327412
0.553517839,0.046386925,-0.638689149,0.768065377,1.256637061,0,0.251327412
0.560186729,0.047462731,-0.645024674,0.762686344,1.256637061,0,0.251327412
0.566855619,0.048549117,-0.651313087,0.757254413,1.256637061,0,0.251327412
0.573524508,0.049646004,-0.657553928,0.751769982,1.256637061,0,0.251327412
0.580193398,0.05075331,-0.663746742,0.746233452,1.256637061,0,0.251327412
0.586862287,0.051870955,-0.669891076,0.740645226,1.256637061,0,0.251327412
0.593531177,0.052998857,-0.675986481,0.735005713,1.256637061,0,0.251327412
0.600200067,0.054136935,-0.682032513,0.729315325,1.256637061,0,0.251327412
0.606868956,0.055285105,-0.68802873,0.723574477,1.256637061,0,0.251327412
0.613537846,0.056443282,-0.693974693,0.717783589,1.256637061,0,0.251327412
0.620206736,0.057611383,-0.699869969,0.711943084,1.256637061,0,0.251327412
0.626875625,0.058789322,-0.705714127,0.706053388,1.256637061,0,0.251327412
0.633544515,0.059977014,-0.71150674,0.700114932,1.256637061,0,0.251327412
0.640213404,0.06117437,-0.717247384,0.694128148,1.256637061,0,0.251327412
0.646882294,0.062381305,-0.722935642,0.688093475,1.256637061,0,0.251327412
0.653551184,0.063597729,-0.728571096,0.682011354,1.256637061,0,0.251327412
0.660220073,0.064823554,-0.734153336,0.675882228,1.256637061,0,0.251327412
0.666888963,0.066058691,-0.739681954,0.669706545,1.256637061,0,0.251327412
0.673557853,0.067303049,-0.745156546,0.663484756,1.256637061,0,0.251327412
0.680226742,0.068556537,-0.750576712,0.657217316,1.256637061,0,0.251327412
0.686895632,0.069819064,-0.755942057,0.650904682,1.256637061,0,0.251327412
0.693564522,0.071090537,-0.761252187,0.644547316,1.256637061,0,0.251327412
0.700233411,0.072370864,-0.766506717,0.638145682,1.256637061,0,0.251327412
0.706902301,0.073659951,-0.771705261,0.631700247,1.256637061,0,0.251327412
0.71357119,0.074957704,-0.77684744,0.625211482,1.256637061,0,0.251327412
0.72024008,0.076264028,-0.781932879,0.618679861,1.256637061,0,0.251327412
0.72690897,0.077578828,-0.786961206,0.612105862,1.256637061,0,0.251327412
0.733577859,0.078902007,-0.791932053,0.605489964,1.256637061,0,0.251327412
0.740246749,0.08023347,-0.796845059,0.59883265,1.256637061,0,0.251327412
0.746915639,0.081573119,-0.801699863,0.592134407,1.256637061,0,0.251327412
0.753584528,0.082920855,-0.806496111,0.585395724,1.256637061,0,0.251327412
0.760253418,0.084276581,-0.811233454,0.578617094,1.256637061,0,0.251327412
0.766922307,0.085640198,-0.815911544,0.571799011,1.256637061,0,0.251327412
0.773591197,0.087011605,-0.820530041,0.564941973,1.256637061,0,0.251327412
0.780260087,0.088390704,-0.825088606,0.558046481,1.256637061,0,0.251327412
0.786928976,0.089777392,-0.829586908,0.551113039,1.256637061,0,0.251327412
0.793597866,0.091171569,-0.834024617,0.544142153,1.256637061,0,0.251327412
0.800266756,0.092573133,-0.838401409,0.537134333,1.256637061,0,0.251327412
0.806935645,0.093981982,-0.842716965,0.53009009,1.256637061,0,0.251327412
0.813604535,0.095398012,-0.84697097,0.523009939,1.256637061,0,0.251327412
0.820273424,0.096821121,-0.851163112,0.515894396,1.256637061,0,0.251327412
0.826942314,0.098251204,-0.855293085,0.508743982,1.256637061,0,0.251327412
0.833611204,0.099688156,-0.859360589,0.501559219,1.256637061,0,0.251327412
0.840280093,0.101131874,-0.863365325,0.494340631,1.256637061,0,0.251327412
0.846948983,0.102582251,-0.867307001,0.487088747,1.256637061,0,0.251327412
0.853617873,0.104039181,-0.87118533,0.479804094,1.256637061,0,0.251327412
0.860286762,0.105502559,-0.875000028,0.472487207,1.256637061,0,0.251327412
0.866955652,0.106972276,-0.878750817,0.465138618,1.256637061,0,0.251327412
0.873624542,0.108448227,-0.882437422,0.457758865,1.256637061,0,0.251327412
0.880293431,0.109930303,-0.886059574,0.450348487,1.256637061,0,0.251327412
0.886962321,0.111418395,-0.889617009,0.442908025,1.256637061,0,0.251327412
0.89363121,0.112912396,-0.893109467,0.435438022,1.256637061,0,0.251327412
0.9003001,0.114412195,-0.896536692,0.427939025,1.256637061,0,0.251327412
0.90696899,0.115917684,-0.899898435,0.42041158,1.256637061,0,0.251327412
0.913637879,0.117428752,-0.90319445,0.412856238,1.256637061,0,0.251327412
0.920306769,0.11894529,-0.906424496,0.40527355,1.256637061,0,0.251327412
0.926975659,0.120467186,-0.909588338,0.39766407,1.256637061,0,0.251327412
0.933644548,0.121994329,-0.912685743,0.390028355,1.256637061,0,0.251327412
0.940313438,0.123526608,-0.915716487,0.382366961,1.256637061,0,0.251327412
0.946982327,0.12506391,-0.918680347,0.374680449,1.256637061,0,0.251327412
0.953651217,0.126606124,-0.921577107,0.366969379,1.256637061,0,0.251327412
0.960320107,0.128153137,-0.924406556,0.359234315,1.256637061,0,0.251327412
0.966988996,0.129704835,-0.927168486,0.351475823,1.256637061,0,0.251327412
0.973657886,0.131261107,-0.929862697,0.343694467,1.256637061,0,0.251327412
0.980326776,0.132821836,-0.932488991,0.335890818,1.256637061,0,0.251327412
0.986995665,0.134386911,-0.935047176,0.328065445,1.256637061,0,0.251327412
0.993664555,0.135956216,-0.937537067,0.320218919,1.256637061,0,0.251327412
1.000333444,0.137529637,-0.93995848,0.312351814,1.256637061,0,0.251327412
1.007002334,0.139107059,-0.942311238,0.304464704,1.256637061,0,0.251327412
1.013671224,0.140688367,-0.944595172,0.296558165,1.256637061,0,0.251327412
1.020340113,0.142273445,-0.946810112,0.288632775,1.256637061,0,0.251327412
1.027009003,0.143862177,-0.948955898,0.280689113,1.256637061,0,0.251327412
1.033677893,0.145454448,-0.951032372,0.272727758,1.256637061,0,0.251327412
1.040346782,0.147050141,-0.953039384,0.264749293,1.256637061,0,0.251327412
1.047015672,0.14864914,-0.954976786,0.2567543,1.256637061,0,0.251327412
1.053684562,0.150251327,-0.956844438,0.248743363,1.256637061,0,0.251327412
1.060353451,0.151856587,-0.958642202,0.240717067,1.256637061,0,0.251327412
1.067022341,0.1534648,-0.960369947,0.232675999,1.256637061,0,0.251327412
1.07369123,0.155075851,-0.962027547,0.224620745,1.256637061,0,0.251327412
1.08036012,0.156689621,-0.963614881,0.216551894,1.256637061,0,0.251327412
1.08702901,0.158305993,-0.965131834,0.208470035,1.256637061,0,0.251327412
1.093697899,0.159924848,-0.966578294,0.20037576,1.256637061,0,0.251327412
1.100366789,0.161546068,-0.967954155,0.192269658,1.256637061,0,0.251327412
1.107035679,0.163169536,-0.969259318,0.184152322,1.256637061,0,0.251327412
1.113704568,0.164795131,-0.970493686,0.176024345,1.256637061,0,0.251327412
1.120373458,0.166422736,-0.97165717,0.16788632,1.256637061,0,0.251327412
1.127042347,0.168052232,-0.972749685,0.159738842,1.256637061,0,0.251327412
1.133711237,0.169683499,-0.973771151,0.151582506,1.256637061,0,0.251327412
1.140380127,0.171316418,-0.974721493,0.143417908,1.256637061,0,0.251327412
1.147049016,0.172950871,-0.975600642,0.135245644,1.256637061,0,0.251327412
1.153717906,0.174586738,-0.976408533,0.127066311,1.256637061,0,0.251327412
1.160386796,0.176223899,-0.977145108,0.118880506,1.256637061,0,0.251327412
1.167055685,0.177862234,-0.977810313,0.110688828,1.256637061,0,0.251327412
1.173724575,0.179501625,-0.9784041,0.102491874,1.256637061,0,0.251327412
1.180393464,0.181141951,-0.978926424,0.094290243,1.256637061,0,0.251327412
1.187062354,0.182783093,-0.979377248,0.086084535,1.256637061,0,0.251327412
1.193731244,0.18442493,-0.979756539,0.077875348,1.256637061,0,0.251327412
1.200400133,0.186067344,-0.980064269,0.069663282,1.256637061,0,0.251327412
1.207069023,0.187710212,-0.980300415,0.061448938,1.256637061,0,0.251327412
1.213737913,0.189353417,-0.980464961,0.053232914,1.256637061,0,0.251327412
1.220406802,0.190996838,-0.980557895,0.045015812,1.256637061,0,0.251327412
1.227075692,0.192640354,-0.980579209,0.036798231,1.256637061,0,0.251327412
1.233744582,0.194283846,-0.980528902,0.028580771,1.256637061,0,0.251327412
1.240413471,0.195927193,-0.980406977,0.020364033,1.256637061,0,0.251327412
1.247082361,0.197570277,-0.980213445,0.012148617,1.256637061,0,0.251327412
1.25375125,0.19921296,-0.979918879,0.008554945,0,0,0.251327412
1.26042014,0.200855097,-0.979583607,0.008554945,0,0,0.251327412
1.26708903,0.202496669,-0.979245583,0.008554945,0,0,0.251327412
1.273757919,0.204137673,-0.978904808,0.008554945,0,0,0.251327412
1.280426809,0.205778103,-0.978561283,0.008554945,0,0,0.251327412
1.287095699,0.207417955,-0.97821501,0.008554945,0,0,0.251327412
1.293764588,0.209057224,-0.977865988,0.008554945,0,0,0.251327412
1.300433478,0.210695906,-0.977514219,0.008554945,0,0,0.251327412
1.307102367,0.212333997,-0.977159704,0.008554945,0,0,0.251327412
1.313771257,0.21397149,-0.976802444,0.008554945,0,0,0.251327412
1.320440147,0.215608383,-0.97644244,0.008554945,0,0,0.251327412
1.327109036,0.21724467,-0.976079693,0.008554945,0,0,0.251327412
1.333777926,0.218880346,-0.975714203,0.008554945,0,0,0.251327412
1.340446816,0.220515408,-0.975345973,0.008554945,0,0,0.251327412
1.347115705,0.22214985,-0.974975003,0.008554945,0,0,0.251327412
1.353784595,0.223783669,-0.974601294,0.008554945,0,0,0.251327412
1.360453484,0.225416858,-0.974224847,0.008554945,0,0,0.251327412
1.367122374,0.227049415,-0.973845663,0.008554945,0,0,0.251327412
1.373791264,0.228681333,-0.973463744,0.008554945,0,0,0.251327412
1.380460153,0.230312609,-0.97307909,0.008554945,0,0,0.251327412
1.387129043,0.231943238,-0.972691702,0.008554945,0,0,0.251327412
1.393797933,0.233573216,-0.972301582,0.008554945,0,0,0.251327412
1.400466822,0.235202537,-0.97190873,0.008554945,0,0,0.251327412
1.407135712,0.236831197,-0.971513148,0.008554945,0,0,0.251327412
1.413804602,0.238459193,-0.971114837,0.008554945,0,0,0.251327412
1.420473491,0.240086518,-0.970713798,0.008554945,0,0,0.251327412
1.427142381,0.241713169,-0.970310031,0.008554945,0,0,0.251327412
1.43381127,0.243339141,-0.969903539,0.008554945,0,0,0.251327412
1.44048016,0.244964429,-0.969494322,0.008554945,0,0,0.251327412
1.44714905,0.246589029,-0.969082382,0.008554945,0,0,0.251327412
1.453817939,0.248212937,-0.96866772,0.008554945,0,0,0.251327412
1.460486829,0.249836147,-0.968250336,0.008554945,0,0,0.251327412
1.467155719,0.251458655,-0.967830232,0.008554945,0,0,0.251327412
1.473824608,0.253080457,-0.967407409,0.008554945,0,0,0.251327412
1.480493498,0.254701548,-0.966981869,0.008554945,0,0,0.251327412
1.487162387,0.256321923,-0.966553612,0.008554945,0,0,0.251327412
1.493831277,0.257941579,-0.96612264,0.008554945,0,0,0.251327412
1.500500167,0.259560509,-0.965688953,0.008554945,0,0,0.251327412
1.507169056,0.261178711,-0.965252554,0.008554945,0,0,0.251327412
1.513837946,0.262796179,-0.964813444,0.008554945,0,0,0.251327412
1.520506836,0.264412908,-0.964371623,0.008554945,0,0,0.251327412
1.527175725,0.266028895,-0.963927093,0.008554945,0,0,0.251327412
1.533844615,0.267644135,-0.963479855,0.008554945,0,0,0.251327412
1.540513505,0.269258622,-0.96302991,0.008554945,0,0,0.251327412
1.547182394,0.270872353,-0.96257726,0.008554945,0,0,0.251327412
1.553851284,0.272485324,-0.962121906,0.008554945,0,0,0.251327412
1.560520173,0.274097528,-0.961663849,0.008554945,0,0,0.251327412
1.567189063,0.275708963,-0.96120309,0.008554945,0,0,0.251327412
1.573857953,0.277319623,-0.960739631,0.008554945,0,0,0.251327412
1.580526842,0.278929505,-0.960273474,0.008554945,0,0,0.251327412
1.587195732,0.280538602,-0.959804618,0.008554945,0,0,0.251327412
1.593864622,0.282146912,-0.959333067,0.008554945,0,0,0.251327412
1.600533511,0.283754429,-0.95885882,0.008554945,0,0,0.251327412
1.607202401,0.285361148,-0.95838188,0.008554945,0,0,0.251327412
1.61387129,0.286967066,-0.957902247,0.008554945,0,0,0.251327412
1.62054018,0.288572178,-0.957419924,0.008554945,0,0,0.251327412
1.62720907,0.29017648,-0.956934911,0.008554945,0,0,0.251327412
1.633877959,0.291779966,-0.956447209,0.008554945,0,0,0.251327412
1.640546849,0.293382632,-0.955956821,0.008554945,0,0,0.251327412
1.647215739,0.294984475,-0.955463747,0.008554945,0,0,0.251327412
1.653884628,0.296585488,-0.95496799,0.008554945,0,0,0.251327412
1.660553518,0.298185669,-0.954469549,0.008554945,0,0,0.251327412
1.667222407,0.299785011,-0.953968427,0.008554945,0,0,0.251327412
1.673891297,0.301383512,-0.953464625,0.008554945,0,0,0.251327412
1.680560187,0.302981166,-0.952958145,0.008554945,0,0,0.251327412
1.687229076,0.304577969,-0.952448988,0.008554945,0,0,0.251327412
1.693897966,0.306173916,-0.951937155,0.008554945,0,0,0.251327412
1.700566856,0.307769003,-0.951422647,0.008554945,0,0,0.251327412
1.707235745,0.309363225,-0.950905467,0.008554945,0,0,0.251327412
1.713904635,0.310956579,-0.950385616,0.008554945,0,0,0.251327412
1.720573525,0.312549059,-0.949863095,0.008554945,0,0,0.251327412
1.727242414,0.31414066,-0.949337905,0.008554945,0,0,0.251327412
1.733911304,0.31573138,-0.948810049,0.008554945,0,0,0.251327412
1.740580193,0.317321212,-0.948279527,0.008554945,0,0,0.251327412
1.747249083,0.318910153,-0.947746341,0.008554945,0,0,0.251327412
1.753917973,0.320498198,-0.947210493,0.008554945,0,0,0.251327412
1.760586862,0.322085343,-0.946671984,0.008554945,0,0,0.251327412
1.767255752,0.323671583,-0.946130815,0.008554945,0,0,0.251327412
1.773924642,0.325256913,-0.945586989,0.008554945,0,0,0.251327412
1.780593531,0.32684133,-0.945040506,0.008554945,0,0,0.251327412
1.787262421,0.328424829,-0.944491368,0.008554945,0,0,0.251327412
1.79393131,0.330007405,-0.943939577,0.008554945,0,0,0.251327412
1.8006002,0.331589054,-0.943385135,0.008554945,0,0,0.251327412
1.80726909,0.333169772,-0.942828042,0.008554945,0,0,0.251327412
1.813937979,0.334749553,-0.9422683,0.008554945,0,0,0.251327412
1.820606869,0.336328394,-0.941705912,0.008554945,0,0,0.251327412
1.827275759,0.337906291,-0.941140878,0.008554945,0,0,0.251327412
1.833944648,0.339483238,-0.9405732,0.008554945,0,0,0.251327412
1.840613538,0.341059231,-0.94000288,0.008554945,0,0,0.251327412
1.847282427,0.342634267,-0.939429919,0.008554945,0,0,0.251327412
1.853951317,0.344208339,-0.938854319,0.008554945,0,0,0.251327412
1.860620207,0.345781445,-0.938276082,0.008554945,0,0,0.251327412
1.867289096,0.34735358,-0.937695208,0.008554945,0,0,0.251327412
1.873957986,0.348924738,-0.937111701,0.008554945,0,0,0.251327412
1.880626876,0.350494917,-0.936525561,0.008554945,0,0,0.251327412
1.887295765,0.35206411,-0.93593679,0.008554945,0,0,0.251327412
1.893964655,0.353632315,-0.93534539,0.008554945,0,0,0.251327412
1.900633545,0.355199527,-0.934751362,0.008554945,0,0,0.251327412
1.907302434,0.35676574,-0.934154709,0.008554945,0,0,0.251327412
1.913971324,0.358330951,-0.933555431,0.008554945,0,0,0.251327412
1.920640213,0.359895156,-0.93295353,0.008554945,0,0,0.251327412
1.927309103,0.36145835,-0.932349009,0.008554945,0,0,0.251327412
1.933977993,0.363020528,-0.931741868,0.008554945,0,0,0.251327412
1.940646882,0.364581686,-0.93113211,0.008554945,0,0,0.251327412
1.947315772,0.366141821,-0.930519737,0.008554945,0,0,0.251327412
1.953984662,0.367700926,-0.929904749,0.008554945,0,0,0.251327412
1.960653551,0.369258999,-0.929287149,0.008554945,0,0,0.251327412
1.967322441,0.370816034,-0.928666938,0.008554945,0,0,0.251327412
1.97399133,0.372372028,-0.928044118,0.008554945,0,0,0.251327412
1.98066022,0.373926975,-0.927418692,0.008554945,0,0,0.251327412
1.98732911,0.375480873,-0.92679066,0.008554945,0,0,0.251327412
1.993997999,0.377033715,-0.926160024,0.008554945,0,0,0.251327412
2.000666889,0.378585498,-0.925526787,0.008554945,0,0,0.251327412
2.007335779,0.380136218,-0.92489095,0.008554945,0,0,0.251327412
2.014004668,0.381685869,-0.924252514,0.008554945,0,0,0.251327412
2.020673558,0.383234449,-0.923611482,0.008554945,0,0,0.251327412
2.027342447,0.384781952,-0.922967856,0.008554945,0,0,0.251327412
2.034011337,0.386328374,-0.922321636,0.008554945,0,0,0.251327412
2.040680227,0.38787371,-0.921672826,0.008554945,0,0,0.251327412
2.047349116,0.389417957,-0.921021426,0.008554945,0,0,0.251327412
2.054018006,0.39096111,-0.920367439,0.008554945,0,0,0.251327412
2.060686896,0.392503165,-0.919710867,0.008554945,0,0,0.251327412
2.067355785,0.394044117,-0.91905171,0.008554945,0,0,0.251327412
2.074024675,0.395583963,-0.918389972,0.008554945,0,0,0.251327412
2.080693565,0.397122696,-0.917725654,0.008554945,0,0,0.251327412
2.087362454,0.398660315,-0.917058758,0.008554945,0,0,0.251327412
2.094031344,0.400196813,-0.916389286,0.008554945,0,0,0.251327412
2.100700233,0.401732187,-0.915717239,0.008554945,0,0,0.251327412
2.107369123,0.403266433,-0.91504262,0.008554945,0,0,0.251327412
2.114038013,0.404799546,-0.914365431,0.008554945,0,0,0.251327412
2.120706902,0.406331521,-0.913685672,0.008554945,0,0,0.251327412
2.127375792,0.407862355,-0.913003347,0.008554945,0,0,0.251327412
2.134044682,0.409392043,-0.912318457,0.008554945,0,0,0.251327412
2.140713571,0.410920582,-0.911631005,0.008554945,0,0,0.251327412
2.147382461,0.412447965,-0.910940991,0.008554945,0,0,0.251327412
2.15405135,0.413974191,-0.910248418,0.008554945,0,0,0.251327412
2.16072024,0.415499253,-0.909553288,0.008554945,0,0,0.251327412
2.16738913,0.417023148,-0.908855603,0.008554945,0,0,0.251327412
2.174058019,0.418545871,-0.908155365,0.008554945,0,0,0.251327412
2.180726909,0.420067419,-0.907452575,0.008554945,0,0,0.251327412
2.187395799,0.421587787,-0.906747237,0.008554945,0,0,0.251327412
2.194064688,0.42310697,-0.906039351,0.008554945,0,0,0.251327412
2.200733578,0.424624965,-0.905328919,0.008554945,0,0,0.251327412
2.207402467,0.426141766,-0.904615945,0.008554945,0,0,0.251327412
2.214071357,0.427657371,-0.903900429,0.008554945,0,0,0.251327412
2.220740247,0.429171774,-0.903182374,0.008554945,0,0,0.251327412
2.227409136,0.430684972,-0.902461782,0.008554945,0,0,0.251327412
2.234078026,0.43219696,-0.901738654,0.008554945,0,0,0.251327412
2.240746916,0.433707733,-0.901012994,0.008554945,0,0,0.251327412
2.247415805,0.435217289,-0.900284802,0.008554945,0,0,0.251327412
2.254084695,0.43672564,-0.899586139,0.003936251,1.256637061,0,0.251327412
2.260753585,0.438232809,-0.898854297,-0.003599597,1.256637061,0,0.251327412
2.267422474,0.439738697,-0.898056804,-0.011129036,1.256637061,0,0.251327412
2.274091364,0.441243193,-0.897193717,-0.018651517,1.256637061,0,0.251327412
2.280760253,0.442746188,-0.896265099,-0.02616649,1.256637061,0,0.251327412
2.287429143,0.444247571,-0.895271019,-0.033673407,1.256637061,0,0.251327412
2.294098033,0.445747234,-0.894211548,-0.041171719,1.256637061,0,0.251327412
2.300766922,0.447245066,-0.893086765,-0.048660879,1.256637061,0,0.251327412
2.307435812,0.448740958,-0.891896751,-0.056140339,1.256637061,0,0.251327412
2.314104702,0.450234801,-0.890641594,-0.063609553,1.256637061,0,0.251327412
2.320773591,0.451726485,-0.889321385,-0.071067976,1.256637061,0,0.251327412
2.327442481,0.453215903,-0.88793622,-0.078515063,1.256637061,0,0.251327412
2.33411137,0.454702944,-0.886486201,-0.08595027,1.256637061,0,0.251327412
2.34078026,0.456187501,-0.884971433,-0.093373054,1.256637061,0,0.251327412
2.34744915,0.457669465,-0.883392027,-0.100782873,1.256637061,0,0.251327412
2.354118039,0.459148727,-0.881748099,-0.108179185,1.256637061,0,0.251327412
2.360786929,0.46062518,-0.880039769,-0.11556145,1.256637061,0,0.251327412
2.367455819,0.462098716,-0.878267161,-0.12292913,1.256637061,0,0.251327412
2.374124708,0.463569227,-0.876430405,-0.130281685,1.256637061,0,0.251327412
2.380793598,0.465036606,-0.874529634,-0.13761858,1.256637061,0,0.251327412
2.387462487,0.466500745,-0.872564989,-0.144939277,1.256637061,0,0.251327412
2.394131377,0.467961539,-0.870536612,-0.152243243,1.256637061,0,0.251327412
2.400800267,0.469418879,-0.868444652,-0.159529944,1.256637061,0,0.251327412
2.407469156,0.47087266,-0.86628926,-0.166798848,1.256637061,0,0.251327412
2.414138046,0.472322775,-0.864070596,-0.174049423,1.256637061,0,0.251327412
2.420806936,0.473769118,-0.86178882,-0.181281141,1.256637061,0,0.251327412
2.427475825,0.475211585,-0.8594441,-0.188493473,1.256637061,0,0.251327412
2.434144715,0.476650068,-0.857036606,-0.195685891,1.256637061,0,0.251327412
2.440813605,0.478084464,-0.854566515,-0.202857872,1.256637061,0,0.251327412
2.447482494,0.479514668,-0.852034007,-0.210008891,1.256637061,0,0.251327412
2.454151384,0.480940575,-0.849439267,-0.217138425,1.256637061,0,0.251327412
2.460820273,0.482362081,-0.846782484,-0.224245955,1.256637061,0,0.251327412
2.467489163,0.483779082,-0.844063852,-0.23133096,1.256637061,0,0.251327412
2.474158053,0.485191475,-0.841283571,-0.238392924,1.256637061,0,0.251327412
2.480826942,0.486599156,-0.838441843,-0.24543133,1.256637061,0,0.251327412
2.487495832,0.488002023,-0.835538875,-0.252445665,1.256637061,0,0.251327412
2.494164722,0.489399973,-0.83257488,-0.259435416,1.256637061,0,0.251327412
2.500833611,0.490792905,-0.829550075,-0.266400073,1.256637061,0,0.251327412
2.507502501,0.492180715,-0.826464679,-0.273339126,1.256637061,0,0.251327412
2.51417139,0.493563304,-0.823318919,-0.28025207,1.256637061,0,0.251327412
2.52084028,0.49494057,-0.820113024,-0.287138399,1.256637061,0,0.251327412
2.52750917,0.496312412,-0.816847229,-0.29399761,1.256637061,0,0.251327412
2.534178059,0.497678731,-0.813521771,-0.300829203,1.256637061,0,0.251327412
2.540846949,0.499039425,-0.810136894,-0.307632677,1.256637061,0,0.251327412
2.547515839,0.500394397,-0.806692846,-0.314407537,1.256637061,0,0.251327412
2.554184728,0.501743548,-0.803189877,-0.321153288,1.256637061,0,0.251327412
2.560853618,0.503086777,-0.799628243,-0.327869437,1.256637061,0,0.251327412
2.567522508,0.504423988,-0.796008205,-0.334555492,1.256637061,0,0.251327412
2.574191397,0.505755083,-0.792330027,-0.341210967,1.256637061,0,0.251327412
2.580860287,0.507079965,-0.788593978,-0.347835374,1.256637061,0,0.251327412
2.587529176,0.508398536,-0.78480033,-0.354428231,1.256637061,0,0.251327412
2.594198066,0.509710701,-0.780949361,-0.360989054,1.256637061,0,0.251327412
2.600866956,0.511016363,-0.777041351,-0.367517367,1.256637061,0,0.251327412
2.607535845,0.512315428,-0.773076587,-0.37401269,1.256637061,0,0.251327412
2.614204735,0.5136078,-0.769055358,-0.38047455,1.256637061,0,0.251327412
2.620873625,0.514893385,-0.764977958,-0.386902476,1.256637061,0,0.251327412
2.627542514,0.516172089,-0.760844684,-0.393295997,1.256637061,0,0.251327412
2.634211404,0.517443819,-0.756655838,-0.399654647,1.256637061,0,0.251327412
2.640880293,0.518708482,-0.752411727,-0.40597796,1.256637061,0,0.251327412
2.647549183,0.519965985,-0.74811266,-0.412265476,1.256637061,0,0.251327412
2.654218073,0.521216237,-0.743758951,-0.418516735,1.256637061,0,0.251327412
2.660886962,0.522459146,-0.739350918,-0.424731281,1.256637061,0,0.251327412
2.667555852,0.523694622,-0.734888884,-0.430908658,1.256637061,0,0.251327412
2.674224742,0.524922574,-0.730373173,-0.437048418,1.256637061,0,0.251327412
2.680893631,0.526142912,-0.725804117,-0.44315011,1.256637061,0,0.251327412
2.687562521,0.527355548,-0.721182048,-0.449213289,1.256637061,0,0.251327412
2.69423141,0.528560393,-0.716507305,-0.455237513,1.256637061,0,0.251327412
2.7009003,0.529757358,-0.711780228,-0.461222341,1.256637061,0,0.251327412
2.70756919,0.530946357,-0.707001163,-0.467167337,1.256637061,0,0.251327412
2.714238079,0.532127303,-0.70217046,-0.473072065,1.256637061,0,0.251327412
2.720906969,0.533300109,-0.69728847,-0.478936096,1.256637061,0,0.251327412
2.727575859,0.53446469,-0.69235555,-0.484758999,1.256637061,0,0.251327412
2.734244748,0.53562096,-0.687372062,-0.490540351,1.256637061,0,0.251327412
2.740913638,0.536768836,-0.682338368,-0.496279729,1.256637061,0,0.251327412
2.747582528,0.537908233,-0.677254836,-0.501976713,1.256637061,0,0.251327412
2.754251417,0.539039068,-0.672121838,-0.507630888,1.256637061,0,0.251327412
2.760920307,0.540161258,-0.666939749,-0.51324184,1.256637061,0,0.251327412
2.767589196,0.541274722,-0.661708947,-0.518809161,1.256637061,0,0.251327412
2.774258086,0.542379378,-0.656429813,-0.524332442,1.256637061,0,0.251327412
2.780926976,0.543475146,-0.651102735,-0.529811281,1.256637061,0,0.251327412
2.787595865,0.544561946,-0.6457281,-0.535245278,1.256637061,0,0.251327412
2.794264755,0.545639697,-0.640306302,-0.540634035,1.256637061,0,0.251327412
2.800933645,0.546708322,-0.634837737,-0.54597716,1.256637061,0,0.251327412
2.807602534,0.547767742,-0.629322803,-0.551274261,1.256637061,0,0.251327412
2.814271424,0.54881788,-0.623761903,-0.556524952,1.256637061,0,0.251327412
2.820940313,0.54985866,-0.618155445,-0.56172885,1.256637061,0,0.251327412
2.827609203,0.550890005,-0.612503836,-0.566885573,1.256637061,0,0.251327412
2.834278093,0.551911839,-0.606807491,-0.571994747,1.256637061,0,0.251327412
2.840946982,0.552924089,-0.601066825,-0.577055997,1.256637061,0,0.251327412
2.847615872,0.553926681,-0.595282257,-0.582068954,1.256637061,0,0.251327412
2.854284762,0.55491954,-0.58945421,-0.587033251,1.256637061,0,0.251327412
2.860953651,0.555902595,-0.58358311,-0.591948527,1.256637061,0,0.251327412
2.867622541,0.556875774,-0.577669385,-0.596814421,1.256637061,0,0.251327412
2.87429143,0.557839006,-0.571713468,-0.60163058,1.256637061,0,0.251327412
2.88096032,0.55879222,-0.565715792,-0.60639665,1.256637061,0,0.251327412
2.88762921,0.559735347,-0.559676798,-0.611112284,1.256637061,0,0.251327412
2.894298099,0.560668317,-0.553596925,-0.615777137,1.256637061,0,0.251327412
2.900966989,0.561591064,-0.547476617,-0.620390869,1.256637061,0,0.251327412
2.907635879,0.562503519,-0.541316322,-0.624953143,1.256637061,0,0.251327412
2.914304768,0.563405615,-0.535116489,-0.629463625,1.256637061,0,0.251327412
2.920973658,0.564297287,-0.528877572,-0.633921986,1.256637061,0,0.251327412
2.927642548,0.56517847,-0.522600026,-0.638327901,1.256637061,0,0.251327412
2.934311437,0.566049099,-0.51628431,-0.642681047,1.256637061,0,0.251327412
2.940980327,0.566909111,-0.509930885,-0.646981107,1.256637061,0,0.251327412
2.947649216,0.567758443,-0.503540214,-0.651227766,1.256637061,0,0.251327412
2.954318106,0.568597033,-0.497112765,-0.655420714,1.256637061,0,0.251327412
2.960986996,0.569424819,-0.490649007,-0.659559646,1.256637061,0,0.251327412
2.967655885,0.570241742,-0.484149413,-0.663644259,1.256637061,0,0.251327412
2.974324775,0.571047741,-0.477614456,-0.667674254,1.256637061,0,0.251327412
2.980993665,0.571842757,-0.471044615,-0.671649337,1.256637061,0,0.251327412
2.987662554,0.572626733,-0.464440369,-0.675569217,1.256637061,0,0.251327412
2.994331444,0.573399612,-0.457802201,-0.67943361,1.256637061,0,0.251327412
3.001000333,0.574161336,-0.451130595,-0.683242231,1.256637061,0,0.251327412
3.007669223,0.574911851,-0.444426038,-0.686994804,1.256637061,0,0.251327412
3.014338113,0.575651101,-0.437689021,-0.690691053,1.256637061,0,0.251327412
3.021007002,0.576379032,-0.430920036,-0.69433071,1.256637061,0,0.251327412
3.027675892,0.577095591,-0.424119576,-0.697913507,1.256637061,0,0.251327412
3.034344782,0.577800727,-0.417288139,-0.701439184,1.256637061,0,0.251327412
3.041013671,0.578494387,-0.410426223,-0.704907483,1.256637061,0,0.251327412
3.047682561,0.57917652,-0.40353433,-0.708318151,1.256637061,0,0.251327412
3.05435145,0.579847078,-0.396612963,-0.711670938,1.256637061,0,0.251327412
3.06102034,0.58050601,-0.389662628,-0.7149656,1.256637061,0,0.251327412
3.06768923,0.581153269,-0.382683831,-0.718201896,1.256637061,0,0.251327412
3.074358119,0.581788808,-0.375677084,-0.721379589,1.256637061,0,0.251327412
3.081027009,0.58241258,-0.368642898,-0.724498448,1.256637061,0,0.251327412
3.087695899,0.583024539,-0.361581786,-0.727558244,1.256637061,0,0.251327412
3.094364788,0.583624641,-0.354494265,-0.730558755,1.256637061,0,0.251327412
3.101033678,0.584212842,-0.347380851,-0.733499761,1.256637061,0,0.251327412
3.107702568,0.584789099,-0.340242065,-0.736381047,1.256637061,0,0.251327412
3.114371457,0.585353371,-0.333078428,-0.739202403,1.256637061,0,0.251327412
3.121040347,0.585905615,-0.325890462,-0.741963623,1.256637061,0,0.251327412
3.127709236,0.586445791,-0.318678694,-0.744664504,1.256637061,0,0.251327412
3.134378126,0.58697386,-0.31144365,-0.747304851,1.256637061,0,0.251327412
3.141047016,0.587489784,-0.304185859,-0.749884469,1.256637061,0,0.251327412
3.147715905,0.587993524,-0.296905849,-0.752403171,1.256637061,0,0.251327412
3.154384795,0.588485045,-0.289604154,-0.754860773,1.256637061,0,0.251327412
3.161053685,0.588964309,-0.282281307,-0.757257094,1.256637061,0,0.251327412
3.167722574,0.589431282,-0.274937841,-0.759591961,1.256637061,0,0.251327412
3.174391464,0.58988593,-0.267574294,-0.761865202,1.256637061,0,0.251327412
3.181060353,0.59032822,-0.260191204,-0.764076652,1.256637061,0,0.251327412
3.187729243,0.59075812,-0.25278911,-0.766226148,1.256637061,0,0.251327412
3.194398133,0.591175597,-0.245368552,-0.768313534,1.256637061,0,0.251327412
3.201067022,0.591580622,-0.237930073,-0.770338658,1.256637061,0,0.251327412
3.207735912,0.591973164,-0.230474215,-0.772301372,1.256637061,0,0.251327412
3.214404802,0.592353196,-0.223001523,-0.774201532,1.256637061,0,0.251327412
3.221073691,0.59272069,-0.215512544,-0.776038999,1.256637061,0,0.251327412
3.227742581,0.593075618,-0.208007823,-0.777813639,1.256637061,0,0.251327412
3.23441147,0.593417955,-0.20048791,-0.779525323,1.256637061,0,0.251327412
3.24108036,0.593747675,-0.192953354,-0.781173925,1.256637061,0,0.251327412
3.24774925,0.594064755,-0.185404704,-0.782759326,1.256637061,0,0.251327412
3.254418139,0.594369172,-0.177842512,-0.784281409,1.256637061,0,0.251327412
3.261087029,0.594660903,-0.170267331,-0.785740063,1.256637061,0,0.251327412
3.267755919,0.594939926,-0.162679713,-0.787135182,1.256637061,0,0.251327412
3.274424808,0.595206223,-0.155080214,-0.788466664,1.256637061,0,0.251327412
3.281093698,0.595459772,-0.147469388,-0.789734411,1.256637061,0,0.251327412
3.287762588,0.595700556,-0.13984779,-0.790938331,1.256637061,0,0.251327412
3.294431477,0.595928557,-0.132215978,-0.792078336,1.256637061,0,0.251327412
3.301100367,0.596143758,-0.124574509,-0.793154342,1.256637061,0,0.251327412
3.307769256,0.596346144,-0.116923941,-0.794166272,1.256637061,0,0.251327412
3.314438146,0.5965357,-0.109264833,-0.795114051,1.256637061,0,0.251327412
3.321107036,0.596712412,-0.101597745,-0.79599761,1.256637061,0,0.251327412
3.327775925,0.596876267,-0.093923236,-0.796816885,1.256637061,0,0.251327412
3.334444815,0.597027253,-0.086241867,-0.797571815,1.256637061,0,0.251327412
3.341113705,0.597165359,-0.078554198,-0.798262345,1.256637061,0,0.251327412
3.347782594,0.597290575,-0.070860792,-0.798888426,1.256637061,0,0.251327412
3.354451484,0.597402892,-0.063162211,-0.799450011,1.256637061,0,0.251327412
3.361120373,0.597502302,-0.055459016,-0.799947059,1.256637061,0,0.251327412
3.367789263,0.597588797,-0.047751771,-0.800379534,1.256637061,0,0.251327412
3.374458153,0.597662371,-0.040041037,-0.800747404,1.256637061,0,0.251327412
3.381127042,0.597723019,-0.03232738,-0.801050644,1.256637061,0,0.251327412
3.387795932,0.597770736,-0.024611361,-0.801289229,1.256637061,0,0.251327412
3.394464822,0.597805519,-0.016893544,-0.801463143,1.256637061,0,0.251327412
3.401133711,0.597827365,-0.009174493,-0.801572374,1.256637061,0,0.251327412
3.407802601,0.597836273,-0.001454773,-0.801616913,1.256637061,0,0.251327412
3.41447149,0.597832241,0.006265054,-0.801596757,1.256637061,0,0.251327412
3.42114038,0.597815271,0.013984423,-0.801511907,1.256637061,0,0.251327412
3.42780927,0.597785364,0.021702771,-0.80136237,1.256637061,0,0.251327412
3.434478159,0.597742521,0.029419534,-0.801148157,1.256637061,0,0.251327412
3.441147049,0.597686747,0.037134148,-0.800869283,1.256637061,0,0.251327412
3.447815939,0.597618044,0.04484605,-0.800525768,1.256637061,0,0.251327412
3.454484828,0.597536418,0.052554676,-0.800117639,1.256637061,0,0.251327412
3.461153718,0.597441875,0.060259463,-0.799644923,1.256637061,0,0.251327412
3.467822608,0.597334421,0.06795985,-0.799107657,1.256637061,0,0.251327412
3.474491497,0.597214066,0.075655272,-0.798505879,1.256637061,0,0.251327412
3.481160387,0.597080817,0.083345169,-0.797839634,1.256637061,0,0.251327412
3.487829276,0.596934684,0.091028978,-0.797108969,1.256637061,0,0.251327412
3.494498166,0.596775678,0.098706138,-0.796313939,1.256637061,0,0.251327412
,,,,,,
,,,,,,
,,,,,,
,,,,,,
,,,,,,
,,,,,,
,,,,,,
,,,,,,
,,,,,,
,,,,,,
,,,,,,
,,,,,,
,,,,,,
,,,,,,
,,,,,,
,,,,,,
,,,,,,
,,,,,,
,,,,,,
,,,,,,
,,,,,,
,,,,,,
,,,,,,
,,,,,,
,,,,,,
,,,,,,
,,,,,,
,,,,,,
,,,,,,
,,,,,,
,,,,,,
,,,,,,
,,,,,,
,,,,,,
,,,,,,
,,,,,,
,,,,,,
,,,,,,
,,,,,,
,,,,,,
,,,,,,
,,,,,,
,,,,,,
,,,,,,
,,,,,,
,,,,,,
,,,,,,
,,,,,,
,,,,,,
,,,,,,
,,,,,,
,,,,,,
,,,,,,
,,,,,,
,,,,,,
,,,,,,
,,,,,,
,,,,,,
,,,,,,
,,,,,,
,,,,,,
,,,,,,
,,,,,,
,,,,,,
,,,,,,
,,,,,,
,,,,,,
,,,,,,
,,,,,,
,,,,,,
,,,,,,
,,,,,,
,,,,,,
,,,,,,
,,,,,,
,,,,,,
,,,,,,
,,,,,,
,,,,,,
,,,,,,
,,,,,,
,,,,,,
,,,,,,
,,,,,,
,,,,,,
,,,,,,
,,,,,,
,,,,,,
,,,,,,
,,,,,,
,,,,,,
,,,,,,
,,,,,,
,,,,,,
,,,,,,
,,,,,,
,,,,,,
,,,,,,
,,,,,,
,,,,,,
,,,,,,
,,,,,,
,,,,,,
,,,,,,
,,,,,,
,,,,,,
,,,,,,
,,,,,,
,,,,,,
,,,,,,
,,,,,,
,,,,,,
,,,,,,
,,,,,,
,,,,,,
,,,,,,
,,,,,,
,,,,,,
,,,,,,
,,,,,,
,,,,,,
,,,,,,
,,,,,,
,,,,,,
,,,,,,
,,,,,,
,,,,,,
,,,,,,
,,,,,,
,,,,,,
,,,,,,
,,,,,,
,,,,,,
,,,,,,
,,,,,,
,,,,,,
,,,,,,
,,,,,,
,,,,,,
,,,,,,
,,,,,,
,,,,,,
,,,,,,
,,,,,,
,,,,,,
,,,,,,
,,,,,,
,,,,,,
,,,,,,
,,,,,,
,,,,,,
,,,,,,
,,,,,,
,,,,,,
,,,,,,
,,,,,,
,,,,,,
,,,,,,
,,,,,,
,,,,,,
,,,,,,
,,,,,,
,,,,,,
,,,,,,
,,,,,,
,,,,,,
,,,,,,
,,,,,,
,,,,,,
,,,,,,
,,,,,,
,,,,,,
,,,,,,
,,,,,,
,,,,,,
,,,,,,
,,,,,,
,,,,,,
,,,,,,
,,,,,,
,,,,,,
,,,,,,
,,,,,,
,,,,,,
,,,,,,
,,,,,,
,,,,,,
,,,,,,
,,,,,,
,,,,,,
,,,,,,
,,,,,,
,,,,,,
,,,,,,
,,,,,,
,,,,,,
,,,,,,
,,,,,,
,,,,,,
,,,,,,
,,,,,,
,,,,,,
,,,,,,
,,,,,,
,,,,,,
,,,,,,
,,,,,,
,,,,,,
,,,,,,
,,,,,,
,,,,,,
,,,,,,
,,,,,,
,,,,,,
,,,,,,
,,,,,,
,,,,,,
,,,,,,
,,,,,,
,,,,,,
,,,,,,
,,,,,,
,,,,,,
,,,,,,
,,,,,,
,,,,,,
,,,,,,
,,,,,,
,,,,,,
,,,,,,
,,,,,,
,,,,,,
,,,,,,
,,,,,,
,,,,,,
,,,,,,
,,,,,,
,,,,,,
,,,,,,
,,,,,,
,,,,,,
,,,,,,
,,,,,,
,,,,,,
,,,,,,
,,,,,,
,,,,,,
,,,,,,
,,,,,,
,,,,,,
,,,,,,
,,,,,,
,,,,,,
,,,,,,
,,,,,,
,,,,,,
,,,,,,
,,,,,,
,,,,,,
,,,,,,
,,,,,,
,,,,,,
,,,,,,
,,,,,,
,,,,,,
,,,,,,
,,,,,,
,,,,,,
,,,,,,
,,,,,,
,,,,,,
,,,,,,
,,,,,,
,,,,,,
,,,,,,
,,,,,,
,,,,,,
,,,,,,
,,,,,,
,,,,,,
,,,,,,
,,,,,,
,,,,,,
,,,,,,
,,,,,,
,,,,,,
,,,,,,
,,,,,,
,,,,,,
,,,,,,
,,,,,,
,,,,,,
,,,,,,
,,,,,,
,,,,,,
,,,,,,
,,,,,,
,,,,,,
,,,,,,
,,,,,,
,,,,,,
,,,,,,
,,,,,,
,,,,,,
,,,,,,
,,,,,,
,,,,,,
,,,,,,
,,,,,,
,,,,,,
,,,,,,
,,,,,,
,,,,,,
,,,,,,
,,,,,,
,,,,,,
,,,,,,
,,,,,,
,,,,,,
,,,,,,
,,,,,,
,,,,,,
,,,,,,
,,,,,,
,,,,,,
,,,,,,
,,,,,,
,,,,,,
,,,,,,
,,,,,,
,,,,,,
,,,,,,
,,,,,,
,,,,,,
,,,,,,
,,,,,,
,,,,,,
,,,,,,
,,,,,,
,,,,,,
,,,,,,
,,,,,,
,,,,,,
,,,,,,
,,,,,,
,,,,,,
,,,,,,
,,,,,,
,,,,,,
,,,,,,
,,,,,,
,,,,,,
,,,,,,
,,,,,,
,,,,,,
,,,,,,
,,,,,,
,,,,,,
,,,,,,
,,,,,,
,,,,,,
,,,,,,
,,,,,,
,,,,,,
,,,,,,
,,,,,,
,,,,,,
,,,,,,
,,,,,,
,,,,,,
,,,,,,
,,,,,,
,,,,,,
,,,,,,
,,,,,,
,,,,,,
,,,,,,
,,,,,,
,,,,,,
,,,,,,
,,,,,,
,,,,,,
,,,,,,
,,,,,,
,,,,,,
,,,,,,
,,,,,,
,,,,,,
,,,,,,
,,,,,,
,,,,,,
,,,,,,
,,,,,,
,,,,,,
,,,,,,
,,,,,,
,,,,,,
,,,,,,
,,,,,,
,,,,,,
,,,,,,
,,,,,,
,,,,,,
,,,,,,
,,,,,,
,,,,,,
,,,,,,
,,,,,,
,,,,,,
,,,,,,
,,,,,,
,,,,,,
,,,,,,
,,,,,,
,,,,,,
,,,,,,
,,,,,,
,,,,,,
,,,,,,
,,,,,,
,,,,,,
,,,,,,
,,,,,,
,,,,,,
,,,,,,
,,,,,,
,,,,,,
,,,,,,
,,,,,,
,,,,,,
,,,,,,
,,,,,,
,,,,,,
,,,,,,
,,,,,,
,,,,,,
,,,,,,
,,,,,,
,,,,,,
,,,,,,
,,,,,,
,,,,,,
,,,,,,
,,,,,,
,,,,,,
,,,,,,
,,,,,,
,,,,,,
,,,,,,
,,,,,,
,,,,,,
,,,,,,
,,,,,,
,,,,,,
,,,,,,
,,,,,,
,,,,,,
,,,,,,
,,,,,,
,,,,,,
,,,,,,
,,,,,,
,,,,,,
,,,,,,
,,,,,,
,,,,,,
,,,,,,
,,,,,,
,,,,,,
,,,,,,
,,,,,,
,,,,,,
,,,,,,
,,,,,,
,,,,,,
,,,,,,
,,,,,,
,,,,,,
,,,,,,
,,,,,,
,,,,,,
,,,,,,
,,,,,,
,,,,,,
,,,,,,
,,,,,,
,,,,,,
,,,,,,
,,,,,,
,,,,,,
,,,,,,
,,,,,,
,,,,,,
,,,,,,
,,,,,,
,,,,,,
,,,,,,
,,,,,,
,,,,,,
,,,,,,
,,,,,,
,,,,,,
,,,,,,
,,,,,,
,,,,,,
,,,,,,
,,,,,,
,,,,,,
,,,,,,
,,,,,,
,,,,,,
,,,,,,
,,,,,,
,,,,,,
,,,,,,
,,,,,,
,,,,,,
,,,,,,
,,,,,,
,,,,,,
,,,,,,
,,,,,,
,,,,,,
,,,,,,
,,,,,,
,,,,,,
,,,,,,
,,,,,,
,,,,,,
,,,,,,
,,,,,,
,,,,,,
,,,,,,
,,,,,,
,,,,,,
,,,,,,
,,,,,,
,,,,,,
,,,,,,
,,,,,,
,,,,,,
,,,,,,
,,,,,,
,,,,,,
,,,,,,
,,,,,,
,,,,,,
,,,,,,
,,,,,,
,,,,,,
,,,,,,
,,,,,,
,,,,,,
,,,,,,
,,,,,,
,,,,,,
,,,,,,
,,,,,,
,,,,,,
,,,,,,
,,,,,,
,,,,,,
,,,,,,
,,,,,,
,,,,,,
,,,,,,
,,,,,,
,,,,,,
,,,,,,
,,,,,,
,,,,,,
,,,,,,
,,,,,,
,,,,,,
,,,,,,
,,,,,,
,,,,,,
,,,,,,
,,,,,,
,,,,,,
,,,,,,
,,,,,,
,,,,,,
,,,,,,
,,,,,,
,,,,,,
,,,,,,
,,,,,,
,,,,,,
,,,,,,
,,,,,,
,,,,,,
,,,,,,
,,,,,,
,,,,,,
,,,,,,
,,,,,,
,,,,,,
,,,,,,
,,,,,,
,,,,,,
,,,,,,
,,,,,,
,,,,,,
,,,,,,
,,,,,,
,,,,,,
,,,,,,
,,,,,,
,,,,,,
,,,,,,
,,,,,,
,,,,,,
,,,,,,
,,,,,,
,,,,,,
,,,,,,
,,,,,,
,,,,,,
,,,,,,
,,,,,,
,,,,,,
,,,,,,
,,,,,,
,,,,,,
,,,,,,
,,,,,,
,,,,,,
,,,,,,
,,,,,,
,,,,,,
,,,,,,
,,,,,,
,,,,,,
,,,,,,
,,,,,,
,,,,,,
,,,,,,
,,,,,,
,,,,,,
,,,,,,
,,,,,,
,,,,,,
,,,,,,
,,,,,,
,,,,,,
,,,,,,
,,,,,,
,,,,,,
,,,,,,
,,,,,,
,,,,,,
,,,,,,
,,,,,,
,,,,,,
,,,,,,
,,,,,,
,,,,,,
,,,,,,
,,,,,,
,,,,,,
,,,,,,
,,,,,,
,,,,,,
,,,,,,
,,,,,,
,,,,,,
,,,,,,
,,,,,,
,,,,,,
,,,,,,
,,,,,,
,,,,,,
,,,,,,
,,,,,,
,,,,,,
,,,,,,
,,,,,,
,,,,,,
,,,,,,
,,,,,,
,,,,,,
,,,,,,
,,,,,,
,,,,,,
,,,,,,
,,,,,,
,,,,,,
,,,,,,
,,,,,,
,,,,,,
,,,,,,
,,,,,,
,,,,,,
,,,,,,
,,,,,,
,,,,,,
,,,,,,
,,,,,,
,,,,,,
,,,,,,
,,,,,,
,,,,,,
,,,,,,
,,,,,,
,,,,,,
,,,,,,
,,,,,,
,,,,,,
,,,,,,
,,,,,,
,,,,,,
,,,,,,
,,,,,,
,,,,,,
,,,,,,
,,,,,,
,,,,,,
,,,,,,
,,,,,,
,,,,,,
,,,,,,
,,,,,,
,,,,,,
,,,,,,
,,,,,,
,,,,,,
,,,,,,
,,,,,,
,,,,,,
,,,,,,
,,,,,,
,,,,,,
,,,,,,
,,,,,,
,,,,,,
,,,,,,
,,,,,,
,,,,,,
,,,,,,
,,,,,,
,,,,,,
,,,,,,
,,,,,,
,,,,,,
,,,,,,
,,,,,,
,,,,,,
,,,,,,
,,,,,,
,,,,,,
,,,,,,
,,,,,,
,,,,,,
,,,,,,
,,,,,,
,,,,,,
,,,,,,
,,,,,,
,,,,,,
,,,,,,
,,,,,,
,,,,,,
,,,,,,
,,,,,,
,,,,,,
,,,,,,
,,,,,,
,,,,,,
,,,,,,
,,,,,,
,,,,,,
,,,,,,
,,,,,,
,,,,,,
,,,,,,
,,,,,,
,,,,,,
,,,,,,
,,,,,,
,,,,,,
,,,,,,
,,,,,,
,,,,,,
,,,,,,
,,,,,,
,,,,,,
,,,,,,
,,,,,,
,,,,,,
,,,,,,
,,,,,,
,,,,,,
,,,,,,
,,,,,,
,,,,,,
,,,,,,
,,,,,,
,,,,,,
,,,,,,
,,,,,,
,,,,,,
,,,,,,
,,,,,,
,,,,,,
,,,,,,
,,,,,,
,,,,,,
,,,,,,
,,,,,,
,,,,,,
,,,,,,
,,,,,,
,,,,,,
,,,,,,
,,,,,,
,,,,,,
,,,,,,
,,,,,,
,,,,,,
,,,,,,
,,,,,,
,,,,,,
,,,,,,
,,,,,,
,,,,,,
,,,,,,
,,,,,,
,,,,,,
,,,,,,
,,,,,,
,,,,,,
,,,,,,
,,,,,,
